[     140ms] [INFO] %cDownload the React DevTools for a better development experience: https://reactjs.org/link/react-devtools font-weight:bold @ http://localhost:5174/node_modules/.vite/deps/chunk-BH4GTE34.js?v=2e9432d4:21608
[    4522ms] TypeError: remove is not a function
    at p.remove (http://localhost:5174/node_modules/.vite/deps/chunk-ZNMTJLFV.js?v=2e9432d4:99:34)
    at http://localhost:5174/src/app/App.tsx?t=1779630845996:158:28
    at safelyCallDestroy (http://localhost:5174/node_modules/.vite/deps/chunk-BH4GTE34.js?v=2e9432d4:16796:13)
    at commitHookEffectListUnmount (http://localhost:5174/node_modules/.vite/deps/chunk-BH4GTE34.js?v=2e9432d4:16923:19)
    at commitPassiveUnmountOnFiber (http://localhost:5174/node_modules/.vite/deps/chunk-BH4GTE34.js?v=2e9432d4:18282:17)
    at commitPassiveUnmountEffects_complete (http://localhost:5174/node_modules/.vite/deps/chunk-BH4GTE34.js?v=2e9432d4:18263:15)
    at commitPassiveUnmountEffects_begin (http://localhost:5174/node_modules/.vite/deps/chunk-BH4GTE34.js?v=2e9432d4:18254:15)
    at commitPassiveUnmountEffects (http://localhost:5174/node_modules/.vite/deps/chunk-BH4GTE34.js?v=2e9432d4:18219:11)
    at flushPassiveEffectsImpl (http://localhost:5174/node_modules/.vite/deps/chunk-BH4GTE34.js?v=2e9432d4:19542:11)
    at flushPassiveEffects (http://localhost:5174/node_modules/.vite/deps/chunk-BH4GTE34.js?v=2e9432d4:19500:22)
[   19992ms] TypeError: remove is not a function
    at p.remove (http://localhost:5174/node_modules/.vite/deps/chunk-ZNMTJLFV.js?v=2e9432d4:99:34)
    at http://localhost:5174/src/app/App.tsx?t=1779630845996:158:28
    at safelyCallDestroy (http://localhost:5174/node_modules/.vite/deps/chunk-BH4GTE34.js?v=2e9432d4:16796:13)
    at commitHookEffectListUnmount (http://localhost:5174/node_modules/.vite/deps/chunk-BH4GTE34.js?v=2e9432d4:16923:19)
    at commitPassiveUnmountOnFiber (http://localhost:5174/node_modules/.vite/deps/chunk-BH4GTE34.js?v=2e9432d4:18282:17)
    at commitPassiveUnmountEffects_complete (http://localhost:5174/node_modules/.vite/deps/chunk-BH4GTE34.js?v=2e9432d4:18263:15)
    at commitPassiveUnmountEffects_begin (http://localhost:5174/node_modules/.vite/deps/chunk-BH4GTE34.js?v=2e9432d4:18254:15)
    at commitPassiveUnmountEffects (http://localhost:5174/node_modules/.vite/deps/chunk-BH4GTE34.js?v=2e9432d4:18219:11)
    at flushPassiveEffectsImpl (http://localhost:5174/node_modules/.vite/deps/chunk-BH4GTE34.js?v=2e9432d4:19542:11)
    at flushPassiveEffects (http://localhost:5174/node_modules/.vite/deps/chunk-BH4GTE34.js?v=2e9432d4:19500:22)
[   19995ms] [LOG] [Cache] Loaded chapter 3 from local cache @ http://localhost:5174/src/app/screens/ReadingScreen.tsx?t=1779630845996:631
[   19999ms] [LOG] [Cleanup] Ignored saving because position was not yet restored for chapter 3 @ http://localhost:5174/src/app/screens/ReadingScreen.tsx?t=1779630845996:420
[   20000ms] [LOG] Restoring position for chapter 3 : {paragraphIndex: 2, isPlaying: false, timestamp: 2026-05-24T13:54:18.203Z} @ http://localhost:5174/src/app/screens/ReadingScreen.tsx?t=1779630845996:585
[   20000ms] [LOG] Position restored, paragraphIndex: 2 isPlaying: false @ http://localhost:5174/src/app/screens/ReadingScreen.tsx?t=1779630845996:515
[   20012ms] [LOG] [Cleanup] Final save paragraph index: 2 @ http://localhost:5174/src/app/screens/ReadingScreen.tsx?t=1779630845996:424
[   20012ms] [LOG] Cleanup: Final save for chapter 3 : {paragraphIndex: 2, isPlaying: false, timestamp: 2026-05-24T13:54:38.622Z} @ http://localhost:5174/src/app/screens/ReadingScreen.tsx?t=1779630845996:433
[   20105ms] [LOG] [ReadingScreen] Initializing media session for: Chương 3: Đấu La đại lục (3) @ http://localhost:5174/src/app/screens/ReadingScreen.tsx?t=1779630845996:233
[   20105ms] [LOG] [ReadingScreen] Capacitor platform: web @ http://localhost:5174/src/app/screens/ReadingScreen.tsx?t=1779630845996:234
[   20105ms] [LOG] [ReadingScreen] Is native: false @ http://localhost:5174/src/app/screens/ReadingScreen.tsx?t=1779630845996:235
[   20106ms] [LOG] Media Session initialized: {title: Chương 3: Đấu La đại lục (3), artist: Đấu La Đại Lục} @ http://localhost:5174/src/lib/mediaService.ts:32
[   20106ms] [LOG] Media Session handlers set @ http://localhost:5174/src/lib/mediaService.ts:48
[   20106ms] [LOG] [ReadingScreen] Skipping audio service (web platform or service unavailable) @ http://localhost:5174/src/app/screens/ReadingScreen.tsx?t=1779630845996:255
[   22024ms] [LOG] Auto-saving position for chapter 3 : {paragraphIndex: 2, isPlaying: false, timestamp: 2026-05-24T13:54:40.633Z} @ http://localhost:5174/src/app/screens/ReadingScreen.tsx?t=1779630845996:410
[   24015ms] [LOG] Auto-saving position for chapter 3 : {paragraphIndex: 2, isPlaying: false, timestamp: 2026-05-24T13:54:42.625Z} @ http://localhost:5174/src/app/screens/ReadingScreen.tsx?t=1779630845996:410
[   26014ms] [LOG] Auto-saving position for chapter 3 : {paragraphIndex: 2, isPlaying: false, timestamp: 2026-05-24T13:54:44.624Z} @ http://localhost:5174/src/app/screens/ReadingScreen.tsx?t=1779630845996:410
[   28027ms] [LOG] Auto-saving position for chapter 3 : {paragraphIndex: 2, isPlaying: false, timestamp: 2026-05-24T13:54:46.636Z} @ http://localhost:5174/src/app/screens/ReadingScreen.tsx?t=1779630845996:410
[   30013ms] [LOG] Auto-saving position for chapter 3 : {paragraphIndex: 2, isPlaying: false, timestamp: 2026-05-24T13:54:48.622Z} @ http://localhost:5174/src/app/screens/ReadingScreen.tsx?t=1779630845996:410
[   32015ms] [LOG] Auto-saving position for chapter 3 : {paragraphIndex: 2, isPlaying: false, timestamp: 2026-05-24T13:54:50.625Z} @ http://localhost:5174/src/app/screens/ReadingScreen.tsx?t=1779630845996:410
[   34013ms] [LOG] Auto-saving position for chapter 3 : {paragraphIndex: 2, isPlaying: false, timestamp: 2026-05-24T13:54:52.622Z} @ http://localhost:5174/src/app/screens/ReadingScreen.tsx?t=1779630845996:410
[   36024ms] [LOG] Auto-saving position for chapter 3 : {paragraphIndex: 2, isPlaying: false, timestamp: 2026-05-24T13:54:54.634Z} @ http://localhost:5174/src/app/screens/ReadingScreen.tsx?t=1779630845996:410
[   38017ms] [LOG] Auto-saving position for chapter 3 : {paragraphIndex: 2, isPlaying: false, timestamp: 2026-05-24T13:54:56.627Z} @ http://localhost:5174/src/app/screens/ReadingScreen.tsx?t=1779630845996:410
[   40017ms] [LOG] Auto-saving position for chapter 3 : {paragraphIndex: 2, isPlaying: false, timestamp: 2026-05-24T13:54:58.627Z} @ http://localhost:5174/src/app/screens/ReadingScreen.tsx?t=1779630845996:410
[   42018ms] [LOG] Auto-saving position for chapter 3 : {paragraphIndex: 2, isPlaying: false, timestamp: 2026-05-24T13:55:00.627Z} @ http://localhost:5174/src/app/screens/ReadingScreen.tsx?t=1779630845996:410
[   44025ms] [LOG] Auto-saving position for chapter 3 : {paragraphIndex: 2, isPlaying: false, timestamp: 2026-05-24T13:55:02.635Z} @ http://localhost:5174/src/app/screens/ReadingScreen.tsx?t=1779630845996:410
[   46019ms] [LOG] Auto-saving position for chapter 3 : {paragraphIndex: 2, isPlaying: false, timestamp: 2026-05-24T13:55:04.629Z} @ http://localhost:5174/src/app/screens/ReadingScreen.tsx?t=1779630845996:410
[   48018ms] [LOG] Auto-saving position for chapter 3 : {paragraphIndex: 2, isPlaying: false, timestamp: 2026-05-24T13:55:06.628Z} @ http://localhost:5174/src/app/screens/ReadingScreen.tsx?t=1779630845996:410
[   48665ms] [LOG] [Cleanup] Final save paragraph index: 2 @ http://localhost:5174/src/app/screens/ReadingScreen.tsx?t=1779630845996:424
[   48665ms] [LOG] Cleanup: Final save for chapter 3 : {paragraphIndex: 2, isPlaying: false, timestamp: 2026-05-24T13:55:07.274Z} @ http://localhost:5174/src/app/screens/ReadingScreen.tsx?t=1779630845996:433
[   48668ms] TypeError: remove is not a function
    at p.remove (http://localhost:5174/node_modules/.vite/deps/chunk-ZNMTJLFV.js?v=2e9432d4:99:34)
    at http://localhost:5174/src/app/App.tsx?t=1779630845996:158:28
    at safelyCallDestroy (http://localhost:5174/node_modules/.vite/deps/chunk-BH4GTE34.js?v=2e9432d4:16796:13)
    at commitHookEffectListUnmount (http://localhost:5174/node_modules/.vite/deps/chunk-BH4GTE34.js?v=2e9432d4:16923:19)
    at commitPassiveUnmountOnFiber (http://localhost:5174/node_modules/.vite/deps/chunk-BH4GTE34.js?v=2e9432d4:18282:17)
    at commitPassiveUnmountEffects_complete (http://localhost:5174/node_modules/.vite/deps/chunk-BH4GTE34.js?v=2e9432d4:18263:15)
    at commitPassiveUnmountEffects_begin (http://localhost:5174/node_modules/.vite/deps/chunk-BH4GTE34.js?v=2e9432d4:18254:15)
    at commitPassiveUnmountEffects (http://localhost:5174/node_modules/.vite/deps/chunk-BH4GTE34.js?v=2e9432d4:18219:11)
    at flushPassiveEffectsImpl (http://localhost:5174/node_modules/.vite/deps/chunk-BH4GTE34.js?v=2e9432d4:19542:11)
    at flushPassiveEffects (http://localhost:5174/node_modules/.vite/deps/chunk-BH4GTE34.js?v=2e9432d4:19500:22)
[   84597ms] TypeError: remove is not a function
    at p.remove (http://localhost:5174/node_modules/.vite/deps/chunk-ZNMTJLFV.js?v=2e9432d4:99:34)
    at http://localhost:5174/src/app/App.tsx?t=1779630845996:158:28
    at safelyCallDestroy (http://localhost:5174/node_modules/.vite/deps/chunk-BH4GTE34.js?v=2e9432d4:16796:13)
    at commitHookEffectListUnmount (http://localhost:5174/node_modules/.vite/deps/chunk-BH4GTE34.js?v=2e9432d4:16923:19)
    at commitPassiveUnmountOnFiber (http://localhost:5174/node_modules/.vite/deps/chunk-BH4GTE34.js?v=2e9432d4:18282:17)
    at commitPassiveUnmountEffects_complete (http://localhost:5174/node_modules/.vite/deps/chunk-BH4GTE34.js?v=2e9432d4:18263:15)
    at commitPassiveUnmountEffects_begin (http://localhost:5174/node_modules/.vite/deps/chunk-BH4GTE34.js?v=2e9432d4:18254:15)
    at commitPassiveUnmountEffects (http://localhost:5174/node_modules/.vite/deps/chunk-BH4GTE34.js?v=2e9432d4:18219:11)
    at flushPassiveEffectsImpl (http://localhost:5174/node_modules/.vite/deps/chunk-BH4GTE34.js?v=2e9432d4:19542:11)
    at flushPassiveEffects (http://localhost:5174/node_modules/.vite/deps/chunk-BH4GTE34.js?v=2e9432d4:19500:22)
[   84601ms] [LOG] [Cache] Loaded chapter 2 from local cache @ http://localhost:5174/src/app/screens/ReadingScreen.tsx?t=1779630845996:631
[   84603ms] [LOG] [Cleanup] Ignored saving because position was not yet restored for chapter 2 @ http://localhost:5174/src/app/screens/ReadingScreen.tsx?t=1779630845996:420
[   84604ms] [LOG] Restoring position for chapter 2 : {paragraphIndex: 54, isPlaying: true, timestamp: 2026-05-24T13:52:43.572Z} @ http://localhost:5174/src/app/screens/ReadingScreen.tsx?t=1779630845996:585
[   84604ms] [LOG] Position restored, paragraphIndex: 54 isPlaying: true @ http://localhost:5174/src/app/screens/ReadingScreen.tsx?t=1779630845996:515
[   84604ms] [LOG] Auto-resuming from paragraph 54 @ http://localhost:5174/src/app/screens/ReadingScreen.tsx?t=1779630845996:517
[   84606ms] [LOG] [Cleanup] Final save paragraph index: 54 @ http://localhost:5174/src/app/screens/ReadingScreen.tsx?t=1779630845996:424
[   84606ms] [LOG] Cleanup: Final save for chapter 2 : {paragraphIndex: 54, isPlaying: false, timestamp: 2026-05-24T13:55:43.216Z} @ http://localhost:5174/src/app/screens/ReadingScreen.tsx?t=1779630845996:433
[   84618ms] [LOG] Wake Lock acquired @ http://localhost:5174/src/lib/mediaService.ts:98
[   84672ms] [LOG] [MediaService] Silent audio playing (keep-alive) @ http://localhost:5174/src/lib/mediaService.ts:74
[   84682ms] [ERROR] Failed to load resource: the server responded with a status of 404 (Not Found) @ http://localhost:5174/favicon.ico:0
[   84959ms] [LOG] [ReadingScreen] Initializing media session for: Chương 2: Đấu La Đại Lục (2) @ http://localhost:5174/src/app/screens/ReadingScreen.tsx?t=1779630845996:233
[   84959ms] [LOG] [ReadingScreen] Capacitor platform: web @ http://localhost:5174/src/app/screens/ReadingScreen.tsx?t=1779630845996:234
[   84959ms] [LOG] [ReadingScreen] Is native: false @ http://localhost:5174/src/app/screens/ReadingScreen.tsx?t=1779630845996:235
[   84960ms] [LOG] Media Session initialized: {title: Chương 2: Đấu La Đại Lục (2), artist: Đấu La Đại Lục} @ http://localhost:5174/src/lib/mediaService.ts:32
[   84960ms] [LOG] Media Session handlers set @ http://localhost:5174/src/lib/mediaService.ts:48
[   84960ms] [LOG] [ReadingScreen] Skipping audio service (web platform or service unavailable) @ http://localhost:5174/src/app/screens/ReadingScreen.tsx?t=1779630845996:255
[   86616ms] [LOG] Auto-saving position for chapter 2 : {paragraphIndex: 54, isPlaying: true, timestamp: 2026-05-24T13:55:45.225Z} @ http://localhost:5174/src/app/screens/ReadingScreen.tsx?t=1779630845996:410
[   88607ms] [LOG] Auto-saving position for chapter 2 : {paragraphIndex: 54, isPlaying: true, timestamp: 2026-05-24T13:55:47.217Z} @ http://localhost:5174/src/app/screens/ReadingScreen.tsx?t=1779630845996:410
[   88822ms] [LOG] [Cleanup] Final save paragraph index: 54 @ http://localhost:5174/src/app/screens/ReadingScreen.tsx?t=1779630845996:424
[   88822ms] [LOG] Cleanup: Final save for chapter 2 : {paragraphIndex: 54, isPlaying: true, timestamp: 2026-05-24T13:55:47.432Z} @ http://localhost:5174/src/app/screens/ReadingScreen.tsx?t=1779630845996:433
[   88823ms] [LOG] [MediaService] Silent audio paused @ http://localhost:5174/src/lib/mediaService.ts:84
[   88823ms] [LOG] Wake Lock released @ http://localhost:5174/src/lib/mediaService.ts:117
[   88840ms] [LOG] [handleScroll] Scrolled paragraph: 50 @ http://localhost:5174/src/app/screens/ReadingScreen.tsx?t=1779630845996:853
[   88858ms] [LOG] [handleScroll] Scrolled paragraph: 50 @ http://localhost:5174/src/app/screens/ReadingScreen.tsx?t=1779630845996:853
[   88864ms] [LOG] [handleScroll] Scrolled paragraph: 50 @ http://localhost:5174/src/app/screens/ReadingScreen.tsx?t=1779630845996:853
[   88870ms] [LOG] [handleScroll] Scrolled paragraph: 50 @ http://localhost:5174/src/app/screens/ReadingScreen.tsx?t=1779630845996:853
[   88876ms] [LOG] [handleScroll] Scrolled paragraph: 50 @ http://localhost:5174/src/app/screens/ReadingScreen.tsx?t=1779630845996:853
[   88882ms] [LOG] [handleScroll] Scrolled paragraph: 50 @ http://localhost:5174/src/app/screens/ReadingScreen.tsx?t=1779630845996:853
[   88889ms] [LOG] [handleScroll] Scrolled paragraph: 50 @ http://localhost:5174/src/app/screens/ReadingScreen.tsx?t=1779630845996:853
[   88894ms] [LOG] [handleScroll] Scrolled paragraph: 50 @ http://localhost:5174/src/app/screens/ReadingScreen.tsx?t=1779630845996:853
[   88900ms] [LOG] [handleScroll] Scrolled paragraph: 50 @ http://localhost:5174/src/app/screens/ReadingScreen.tsx?t=1779630845996:853
[   88907ms] [LOG] [handleScroll] Scrolled paragraph: 50 @ http://localhost:5174/src/app/screens/ReadingScreen.tsx?t=1779630845996:853
[   88918ms] [LOG] [handleScroll] Scrolled paragraph: 50 @ http://localhost:5174/src/app/screens/ReadingScreen.tsx?t=1779630845996:853
[   88936ms] [LOG] [handleScroll] Scrolled paragraph: 50 @ http://localhost:5174/src/app/screens/ReadingScreen.tsx?t=1779630845996:853
[   89089ms] [LOG] [Cleanup] Final save paragraph index: 50 @ http://localhost:5174/src/app/screens/ReadingScreen.tsx?t=1779630845996:424
[   89089ms] [LOG] Cleanup: Final save for chapter 2 : {paragraphIndex: 50, isPlaying: false, timestamp: 2026-05-24T13:55:47.698Z} @ http://localhost:5174/src/app/screens/ReadingScreen.tsx?t=1779630845996:433
[   89089ms] [LOG] [MediaService] Silent audio paused @ http://localhost:5174/src/lib/mediaService.ts:84
[   91091ms] [LOG] Auto-saving position for chapter 2 : {paragraphIndex: 50, isPlaying: false, timestamp: 2026-05-24T13:55:49.701Z} @ http://localhost:5174/src/app/screens/ReadingScreen.tsx?t=1779630845996:410
[   93104ms] [LOG] Auto-saving position for chapter 2 : {paragraphIndex: 50, isPlaying: false, timestamp: 2026-05-24T13:55:51.714Z} @ http://localhost:5174/src/app/screens/ReadingScreen.tsx?t=1779630845996:410
[   95099ms] [LOG] Auto-saving position for chapter 2 : {paragraphIndex: 50, isPlaying: false, timestamp: 2026-05-24T13:55:53.708Z} @ http://localhost:5174/src/app/screens/ReadingScreen.tsx?t=1779630845996:410
[   97098ms] [LOG] Auto-saving position for chapter 2 : {paragraphIndex: 50, isPlaying: false, timestamp: 2026-05-24T13:55:55.707Z} @ http://localhost:5174/src/app/screens/ReadingScreen.tsx?t=1779630845996:410
[   99093ms] [LOG] Auto-saving position for chapter 2 : {paragraphIndex: 50, isPlaying: false, timestamp: 2026-05-24T13:55:57.703Z} @ http://localhost:5174/src/app/screens/ReadingScreen.tsx?t=1779630845996:410
[  101092ms] [LOG] Auto-saving position for chapter 2 : {paragraphIndex: 50, isPlaying: false, timestamp: 2026-05-24T13:55:59.701Z} @ http://localhost:5174/src/app/screens/ReadingScreen.tsx?t=1779630845996:410
[  103098ms] [LOG] Auto-saving position for chapter 2 : {paragraphIndex: 50, isPlaying: false, timestamp: 2026-05-24T13:56:01.708Z} @ http://localhost:5174/src/app/screens/ReadingScreen.tsx?t=1779630845996:410
[  105094ms] [LOG] Auto-saving position for chapter 2 : {paragraphIndex: 50, isPlaying: false, timestamp: 2026-05-24T13:56:03.704Z} @ http://localhost:5174/src/app/screens/ReadingScreen.tsx?t=1779630845996:410
[  105689ms] [LOG] [Cleanup] Final save paragraph index: 50 @ http://localhost:5174/src/app/screens/ReadingScreen.tsx?t=1779630845996:424
[  105689ms] [LOG] Cleanup: Final save for chapter 2 : {paragraphIndex: 50, isPlaying: false, timestamp: 2026-05-24T13:56:04.299Z} @ http://localhost:5174/src/app/screens/ReadingScreen.tsx?t=1779630845996:433
[  105689ms] [LOG] [MediaService] Silent audio paused @ http://localhost:5174/src/lib/mediaService.ts:84
[  106706ms] [LOG] [Cleanup] Final save paragraph index: 54 @ http://localhost:5174/src/app/screens/ReadingScreen.tsx?t=1779630845996:424
[  106706ms] [LOG] Cleanup: Final save for chapter 2 : {paragraphIndex: 54, isPlaying: false, timestamp: 2026-05-24T13:56:05.316Z} @ http://localhost:5174/src/app/screens/ReadingScreen.tsx?t=1779630845996:433
[  106710ms] [LOG] [MediaService] Silent audio playing (keep-alive) @ http://localhost:5174/src/lib/mediaService.ts:74
[  106710ms] [LOG] Wake Lock acquired @ http://localhost:5174/src/lib/mediaService.ts:98
[  108707ms] [LOG] Auto-saving position for chapter 2 : {paragraphIndex: 54, isPlaying: true, timestamp: 2026-05-24T13:56:07.316Z} @ http://localhost:5174/src/app/screens/ReadingScreen.tsx?t=1779630845996:410
[  110572ms] [LOG] Media Session initialized: {title: Chương 3: Đấu La đại lục (3), artist: Đấu La Đại Lục} @ http://localhost:5174/src/lib/mediaService.ts:32
[  110573ms] [LOG] [Cleanup] Ignored saving because position was not yet restored for chapter 2 @ http://localhost:5174/src/app/screens/ReadingScreen.tsx?t=1779630845996:420
[  110574ms] [LOG] [ReadingScreen] Initializing media session for: Chương 3: Đấu La đại lục (3) @ http://localhost:5174/src/app/screens/ReadingScreen.tsx?t=1779630845996:233
[  110574ms] [LOG] [ReadingScreen] Capacitor platform: web @ http://localhost:5174/src/app/screens/ReadingScreen.tsx?t=1779630845996:234
[  110574ms] [LOG] [ReadingScreen] Is native: false @ http://localhost:5174/src/app/screens/ReadingScreen.tsx?t=1779630845996:235
[  110574ms] [LOG] Media Session initialized: {title: Chương 3: Đấu La đại lục (3), artist: Đấu La Đại Lục} @ http://localhost:5174/src/lib/mediaService.ts:32
[  110574ms] [LOG] Media Session handlers set @ http://localhost:5174/src/lib/mediaService.ts:48
[  110574ms] [LOG] [ReadingScreen] Skipping audio service (web platform or service unavailable) @ http://localhost:5174/src/app/screens/ReadingScreen.tsx?t=1779630845996:255
[  110578ms] [LOG] [Cache] Loaded chapter 3 from local cache @ http://localhost:5174/src/app/screens/ReadingScreen.tsx?t=1779630845996:631
[  110582ms] [LOG] [Cleanup] Ignored saving because position was not yet restored for chapter 3 @ http://localhost:5174/src/app/screens/ReadingScreen.tsx?t=1779630845996:420
[  110583ms] [LOG] Restoring position for chapter 3 : {paragraphIndex: 2, isPlaying: false, timestamp: 2026-05-24T13:55:07.274Z} @ http://localhost:5174/src/app/screens/ReadingScreen.tsx?t=1779630845996:585
[  110584ms] [LOG] Position restored, paragraphIndex: 2 isPlaying: false @ http://localhost:5174/src/app/screens/ReadingScreen.tsx?t=1779630845996:515
[  110592ms] [LOG] [MediaService] Silent audio playing (keep-alive) @ http://localhost:5174/src/lib/mediaService.ts:74
[  110593ms] [LOG] [Cleanup] Final save paragraph index: 2 @ http://localhost:5174/src/app/screens/ReadingScreen.tsx?t=1779630845996:424
[  110593ms] [LOG] Cleanup: Final save for chapter 3 : {paragraphIndex: 2, isPlaying: true, timestamp: 2026-05-24T13:56:09.202Z} @ http://localhost:5174/src/app/screens/ReadingScreen.tsx?t=1779630845996:433
[  110595ms] [LOG] [MediaService] Silent audio playing (keep-alive) @ http://localhost:5174/src/lib/mediaService.ts:74
[  112601ms] [LOG] Auto-saving position for chapter 3 : {paragraphIndex: 2, isPlaying: true, timestamp: 2026-05-24T13:56:11.210Z} @ http://localhost:5174/src/app/screens/ReadingScreen.tsx?t=1779630845996:410
[  114599ms] [LOG] Auto-saving position for chapter 3 : {paragraphIndex: 2, isPlaying: true, timestamp: 2026-05-24T13:56:13.209Z} @ http://localhost:5174/src/app/screens/ReadingScreen.tsx?t=1779630845996:410
[  116607ms] [LOG] Auto-saving position for chapter 3 : {paragraphIndex: 2, isPlaying: true, timestamp: 2026-05-24T13:56:15.217Z} @ http://localhost:5174/src/app/screens/ReadingScreen.tsx?t=1779630845996:410
[  118601ms] [LOG] Auto-saving position for chapter 3 : {paragraphIndex: 2, isPlaying: true, timestamp: 2026-05-24T13:56:17.211Z} @ http://localhost:5174/src/app/screens/ReadingScreen.tsx?t=1779630845996:410
[  120600ms] [LOG] Auto-saving position for chapter 3 : {paragraphIndex: 2, isPlaying: true, timestamp: 2026-05-24T13:56:19.210Z} @ http://localhost:5174/src/app/screens/ReadingScreen.tsx?t=1779630845996:410
[  122596ms] [LOG] Auto-saving position for chapter 3 : {paragraphIndex: 2, isPlaying: true, timestamp: 2026-05-24T13:56:21.205Z} @ http://localhost:5174/src/app/screens/ReadingScreen.tsx?t=1779630845996:410
[  124599ms] [LOG] Auto-saving position for chapter 3 : {paragraphIndex: 2, isPlaying: true, timestamp: 2026-05-24T13:56:23.208Z} @ http://localhost:5174/src/app/screens/ReadingScreen.tsx?t=1779630845996:410
[  126596ms] [LOG] Auto-saving position for chapter 3 : {paragraphIndex: 2, isPlaying: true, timestamp: 2026-05-24T13:56:25.206Z} @ http://localhost:5174/src/app/screens/ReadingScreen.tsx?t=1779630845996:410
[  127040ms] [LOG] [Cleanup] Final save paragraph index: 2 @ http://localhost:5174/src/app/screens/ReadingScreen.tsx?t=1779630845996:424
[  127040ms] [LOG] Cleanup: Final save for chapter 3 : {paragraphIndex: 2, isPlaying: true, timestamp: 2026-05-24T13:56:25.649Z} @ http://localhost:5174/src/app/screens/ReadingScreen.tsx?t=1779630845996:433
[  127045ms] [LOG] [MediaService] Silent audio playing (keep-alive) @ http://localhost:5174/src/lib/mediaService.ts:74
[  128438ms] [LOG] Media Session initialized: {title: Chương 2: Đấu La Đại Lục (2), artist: Đấu La Đại Lục} @ http://localhost:5174/src/lib/mediaService.ts:32
[  128440ms] [LOG] [Cleanup] Ignored saving because position was not yet restored for chapter 3 @ http://localhost:5174/src/app/screens/ReadingScreen.tsx?t=1779630845996:420
[  128440ms] [LOG] [ReadingScreen] Initializing media session for: Chương 2: Đấu La Đại Lục (2) @ http://localhost:5174/src/app/screens/ReadingScreen.tsx?t=1779630845996:233
[  128440ms] [LOG] [ReadingScreen] Capacitor platform: web @ http://localhost:5174/src/app/screens/ReadingScreen.tsx?t=1779630845996:234
[  128440ms] [LOG] [ReadingScreen] Is native: false @ http://localhost:5174/src/app/screens/ReadingScreen.tsx?t=1779630845996:235
[  128440ms] [LOG] Media Session initialized: {title: Chương 2: Đấu La Đại Lục (2), artist: Đấu La Đại Lục} @ http://localhost:5174/src/lib/mediaService.ts:32
[  128440ms] [LOG] Media Session handlers set @ http://localhost:5174/src/lib/mediaService.ts:48
[  128440ms] [LOG] [ReadingScreen] Skipping audio service (web platform or service unavailable) @ http://localhost:5174/src/app/screens/ReadingScreen.tsx?t=1779630845996:255
[  128442ms] [ERROR] [SpeechSynthesis] Error for paragraph 0 : interrupted @ http://localhost:5174/src/app/screens/ReadingScreen.tsx?t=1779630845996:783
[  128444ms] [LOG] [Cache] Loaded chapter 2 from local cache @ http://localhost:5174/src/app/screens/ReadingScreen.tsx?t=1779630845996:631
[  128446ms] [LOG] [Cleanup] Ignored saving because position was not yet restored for chapter 2 @ http://localhost:5174/src/app/screens/ReadingScreen.tsx?t=1779630845996:420
[  128446ms] [LOG] [MediaService] Silent audio paused @ http://localhost:5174/src/lib/mediaService.ts:84
[  128447ms] [LOG] Restoring position for chapter 2 : {paragraphIndex: 54, isPlaying: true, timestamp: 2026-05-24T13:56:07.316Z} @ http://localhost:5174/src/app/screens/ReadingScreen.tsx?t=1779630845996:585
[  128447ms] [LOG] Position restored, paragraphIndex: 54 isPlaying: true @ http://localhost:5174/src/app/screens/ReadingScreen.tsx?t=1779630845996:515
[  128447ms] [LOG] Auto-resuming from paragraph 54 @ http://localhost:5174/src/app/screens/ReadingScreen.tsx?t=1779630845996:517
[  128448ms] [LOG] [Cleanup] Final save paragraph index: 54 @ http://localhost:5174/src/app/screens/ReadingScreen.tsx?t=1779630845996:424
[  128448ms] [LOG] Cleanup: Final save for chapter 2 : {paragraphIndex: 54, isPlaying: false, timestamp: 2026-05-24T13:56:27.058Z} @ http://localhost:5174/src/app/screens/ReadingScreen.tsx?t=1779630845996:433
[  128448ms] [LOG] Wake Lock released @ http://localhost:5174/src/lib/mediaService.ts:117
[  128456ms] [LOG] [MediaService] Silent audio playing (keep-alive) @ http://localhost:5174/src/lib/mediaService.ts:74
[  130458ms] [LOG] Auto-saving position for chapter 2 : {paragraphIndex: 54, isPlaying: true, timestamp: 2026-05-24T13:56:29.067Z} @ http://localhost:5174/src/app/screens/ReadingScreen.tsx?t=1779630845996:410
[  132453ms] [LOG] Auto-saving position for chapter 2 : {paragraphIndex: 54, isPlaying: true, timestamp: 2026-05-24T13:56:31.062Z} @ http://localhost:5174/src/app/screens/ReadingScreen.tsx?t=1779630845996:410
[  132642ms] [LOG] Media Session initialized: {title: Chương 3: Đấu La đại lục (3), artist: Đấu La Đại Lục} @ http://localhost:5174/src/lib/mediaService.ts:32
[  132643ms] [LOG] [Cleanup] Ignored saving because position was not yet restored for chapter 2 @ http://localhost:5174/src/app/screens/ReadingScreen.tsx?t=1779630845996:420
[  132643ms] [LOG] [ReadingScreen] Initializing media session for: Chương 3: Đấu La đại lục (3) @ http://localhost:5174/src/app/screens/ReadingScreen.tsx?t=1779630845996:233
[  132643ms] [LOG] [ReadingScreen] Capacitor platform: web @ http://localhost:5174/src/app/screens/ReadingScreen.tsx?t=1779630845996:234
[  132643ms] [LOG] [ReadingScreen] Is native: false @ http://localhost:5174/src/app/screens/ReadingScreen.tsx?t=1779630845996:235
[  132643ms] [LOG] Media Session initialized: {title: Chương 3: Đấu La đại lục (3), artist: Đấu La Đại Lục} @ http://localhost:5174/src/lib/mediaService.ts:32
[  132643ms] [LOG] Media Session handlers set @ http://localhost:5174/src/lib/mediaService.ts:48
[  132643ms] [LOG] [ReadingScreen] Skipping audio service (web platform or service unavailable) @ http://localhost:5174/src/app/screens/ReadingScreen.tsx?t=1779630845996:255
[  132649ms] [LOG] [Cache] Loaded chapter 3 from local cache @ http://localhost:5174/src/app/screens/ReadingScreen.tsx?t=1779630845996:631
[  132651ms] [LOG] [Cleanup] Ignored saving because position was not yet restored for chapter 3 @ http://localhost:5174/src/app/screens/ReadingScreen.tsx?t=1779630845996:420
[  132651ms] [LOG] Restoring position for chapter 3 : {paragraphIndex: 2, isPlaying: true, timestamp: 2026-05-24T13:56:25.649Z} @ http://localhost:5174/src/app/screens/ReadingScreen.tsx?t=1779630845996:585
[  132651ms] [LOG] Position restored, paragraphIndex: 2 isPlaying: true @ http://localhost:5174/src/app/screens/ReadingScreen.tsx?t=1779630845996:515
[  132652ms] [LOG] [Cleanup] Final save paragraph index: 2 @ http://localhost:5174/src/app/screens/ReadingScreen.tsx?t=1779630845996:424
[  132652ms] [LOG] Cleanup: Final save for chapter 3 : {paragraphIndex: 2, isPlaying: true, timestamp: 2026-05-24T13:56:31.261Z} @ http://localhost:5174/src/app/screens/ReadingScreen.tsx?t=1779630845996:433
[  132652ms] [LOG] [MediaService] Silent audio playing (keep-alive) @ http://localhost:5174/src/lib/mediaService.ts:74
[  132652ms] [LOG] [MediaService] Silent audio playing (keep-alive) @ http://localhost:5174/src/lib/mediaService.ts:74
[  132652ms] [LOG] Wake Lock acquired @ http://localhost:5174/src/lib/mediaService.ts:98
[  132652ms] [LOG] Wake Lock acquired @ http://localhost:5174/src/lib/mediaService.ts:98
[  134654ms] [LOG] Auto-saving position for chapter 3 : {paragraphIndex: 2, isPlaying: true, timestamp: 2026-05-24T13:56:33.263Z} @ http://localhost:5174/src/app/screens/ReadingScreen.tsx?t=1779630845996:410
[  136653ms] [LOG] Auto-saving position for chapter 3 : {paragraphIndex: 2, isPlaying: true, timestamp: 2026-05-24T13:56:35.263Z} @ http://localhost:5174/src/app/screens/ReadingScreen.tsx?t=1779630845996:410
[  138290ms] [LOG] [Cleanup] Final save paragraph index: 2 @ http://localhost:5174/src/app/screens/ReadingScreen.tsx?t=1779630845996:424
[  138290ms] [LOG] Cleanup: Final save for chapter 3 : {paragraphIndex: 2, isPlaying: true, timestamp: 2026-05-24T13:56:36.899Z} @ http://localhost:5174/src/app/screens/ReadingScreen.tsx?t=1779630845996:433
[  138290ms] [LOG] [MediaService] Silent audio paused @ http://localhost:5174/src/lib/mediaService.ts:84
[  138290ms] [LOG] Wake Lock released @ http://localhost:5174/src/lib/mediaService.ts:117
[  138292ms] [ERROR] [SpeechSynthesis] Error for paragraph 2 : interrupted @ http://localhost:5174/src/app/screens/ReadingScreen.tsx?t=1779630845996:783
[  138889ms] [LOG] Media Session initialized: {title: Chương 2: Đấu La Đại Lục (2), artist: Đấu La Đại Lục} @ http://localhost:5174/src/lib/mediaService.ts:32
[  138890ms] [LOG] [Cleanup] Ignored saving because position was not yet restored for chapter 3 @ http://localhost:5174/src/app/screens/ReadingScreen.tsx?t=1779630845996:420
[  138890ms] [LOG] [ReadingScreen] Initializing media session for: Chương 2: Đấu La Đại Lục (2) @ http://localhost:5174/src/app/screens/ReadingScreen.tsx?t=1779630845996:233
[  138890ms] [LOG] [ReadingScreen] Capacitor platform: web @ http://localhost:5174/src/app/screens/ReadingScreen.tsx?t=1779630845996:234
[  138890ms] [LOG] [ReadingScreen] Is native: false @ http://localhost:5174/src/app/screens/ReadingScreen.tsx?t=1779630845996:235
[  138891ms] [LOG] Media Session initialized: {title: Chương 2: Đấu La Đại Lục (2), artist: Đấu La Đại Lục} @ http://localhost:5174/src/lib/mediaService.ts:32
[  138891ms] [LOG] Media Session handlers set @ http://localhost:5174/src/lib/mediaService.ts:48
[  138891ms] [LOG] [ReadingScreen] Skipping audio service (web platform or service unavailable) @ http://localhost:5174/src/app/screens/ReadingScreen.tsx?t=1779630845996:255
[  138894ms] [LOG] [Cache] Loaded chapter 2 from local cache @ http://localhost:5174/src/app/screens/ReadingScreen.tsx?t=1779630845996:631
[  138896ms] [LOG] [Cleanup] Ignored saving because position was not yet restored for chapter 2 @ http://localhost:5174/src/app/screens/ReadingScreen.tsx?t=1779630845996:420
[  138896ms] [LOG] [MediaService] Silent audio paused @ http://localhost:5174/src/lib/mediaService.ts:84
[  138896ms] [LOG] Restoring position for chapter 2 : {paragraphIndex: 54, isPlaying: true, timestamp: 2026-05-24T13:56:31.062Z} @ http://localhost:5174/src/app/screens/ReadingScreen.tsx?t=1779630845996:585
[  138897ms] [LOG] Position restored, paragraphIndex: 54 isPlaying: true @ http://localhost:5174/src/app/screens/ReadingScreen.tsx?t=1779630845996:515
[  138897ms] [LOG] [Cleanup] Final save paragraph index: 54 @ http://localhost:5174/src/app/screens/ReadingScreen.tsx?t=1779630845996:424
[  138897ms] [LOG] Cleanup: Final save for chapter 2 : {paragraphIndex: 54, isPlaying: false, timestamp: 2026-05-24T13:56:37.507Z} @ http://localhost:5174/src/app/screens/ReadingScreen.tsx?t=1779630845996:433
[  138897ms] [LOG] [MediaService] Silent audio paused @ http://localhost:5174/src/lib/mediaService.ts:84
[  140057ms] [LOG] [handleScroll] Scrolled paragraph: 48 @ http://localhost:5174/src/app/screens/ReadingScreen.tsx?t=1779630845996:853
[  140068ms] [LOG] [handleScroll] Scrolled paragraph: 48 @ http://localhost:5174/src/app/screens/ReadingScreen.tsx?t=1779630845996:853
[  140073ms] [LOG] [handleScroll] Scrolled paragraph: 49 @ http://localhost:5174/src/app/screens/ReadingScreen.tsx?t=1779630845996:853
[  140076ms] [LOG] [handleScroll] Scrolled paragraph: 49 @ http://localhost:5174/src/app/screens/ReadingScreen.tsx?t=1779630845996:853
[  140081ms] [LOG] [handleScroll] Scrolled paragraph: 49 @ http://localhost:5174/src/app/screens/ReadingScreen.tsx?t=1779630845996:853
[  140088ms] [LOG] [handleScroll] Scrolled paragraph: 49 @ http://localhost:5174/src/app/screens/ReadingScreen.tsx?t=1779630845996:853
[  140094ms] [LOG] [handleScroll] Scrolled paragraph: 49 @ http://localhost:5174/src/app/screens/ReadingScreen.tsx?t=1779630845996:853
[  140099ms] [LOG] [handleScroll] Scrolled paragraph: 49 @ http://localhost:5174/src/app/screens/ReadingScreen.tsx?t=1779630845996:853
[  140106ms] [LOG] [handleScroll] Scrolled paragraph: 49 @ http://localhost:5174/src/app/screens/ReadingScreen.tsx?t=1779630845996:853
[  140112ms] [LOG] [handleScroll] Scrolled paragraph: 49 @ http://localhost:5174/src/app/screens/ReadingScreen.tsx?t=1779630845996:853
[  140118ms] [LOG] [handleScroll] Scrolled paragraph: 49 @ http://localhost:5174/src/app/screens/ReadingScreen.tsx?t=1779630845996:853
[  140124ms] [LOG] [handleScroll] Scrolled paragraph: 49 @ http://localhost:5174/src/app/screens/ReadingScreen.tsx?t=1779630845996:853
[  140137ms] [LOG] [handleScroll] Scrolled paragraph: 50 @ http://localhost:5174/src/app/screens/ReadingScreen.tsx?t=1779630845996:853
[  140142ms] [LOG] [handleScroll] Scrolled paragraph: 50 @ http://localhost:5174/src/app/screens/ReadingScreen.tsx?t=1779630845996:853
[  140148ms] [LOG] [handleScroll] Scrolled paragraph: 50 @ http://localhost:5174/src/app/screens/ReadingScreen.tsx?t=1779630845996:853
[  140154ms] [LOG] [handleScroll] Scrolled paragraph: 50 @ http://localhost:5174/src/app/screens/ReadingScreen.tsx?t=1779630845996:853
[  140161ms] [LOG] [handleScroll] Scrolled paragraph: 50 @ http://localhost:5174/src/app/screens/ReadingScreen.tsx?t=1779630845996:853
[  140166ms] [LOG] [handleScroll] Scrolled paragraph: 50 @ http://localhost:5174/src/app/screens/ReadingScreen.tsx?t=1779630845996:853
[  140172ms] [LOG] [handleScroll] Scrolled paragraph: 50 @ http://localhost:5174/src/app/screens/ReadingScreen.tsx?t=1779630845996:853
[  140178ms] [LOG] [handleScroll] Scrolled paragraph: 50 @ http://localhost:5174/src/app/screens/ReadingScreen.tsx?t=1779630845996:853
[  140184ms] [LOG] [handleScroll] Scrolled paragraph: 50 @ http://localhost:5174/src/app/screens/ReadingScreen.tsx?t=1779630845996:853
[  140191ms] [LOG] [handleScroll] Scrolled paragraph: 50 @ http://localhost:5174/src/app/screens/ReadingScreen.tsx?t=1779630845996:853
[  140196ms] [LOG] [handleScroll] Scrolled paragraph: 50 @ http://localhost:5174/src/app/screens/ReadingScreen.tsx?t=1779630845996:853
[  140202ms] [LOG] [handleScroll] Scrolled paragraph: 50 @ http://localhost:5174/src/app/screens/ReadingScreen.tsx?t=1779630845996:853
[  140209ms] [LOG] [handleScroll] Scrolled paragraph: 50 @ http://localhost:5174/src/app/screens/ReadingScreen.tsx?t=1779630845996:853
[  140214ms] [LOG] [handleScroll] Scrolled paragraph: 50 @ http://localhost:5174/src/app/screens/ReadingScreen.tsx?t=1779630845996:853
[  140220ms] [LOG] [handleScroll] Scrolled paragraph: 50 @ http://localhost:5174/src/app/screens/ReadingScreen.tsx?t=1779630845996:853
[  140227ms] [LOG] [handleScroll] Scrolled paragraph: 50 @ http://localhost:5174/src/app/screens/ReadingScreen.tsx?t=1779630845996:853
[  140235ms] [LOG] [handleScroll] Scrolled paragraph: 50 @ http://localhost:5174/src/app/screens/ReadingScreen.tsx?t=1779630845996:853
[  140238ms] [LOG] [handleScroll] Scrolled paragraph: 50 @ http://localhost:5174/src/app/screens/ReadingScreen.tsx?t=1779630845996:853
[  140245ms] [LOG] [handleScroll] Scrolled paragraph: 50 @ http://localhost:5174/src/app/screens/ReadingScreen.tsx?t=1779630845996:853
[  140250ms] [LOG] [handleScroll] Scrolled paragraph: 50 @ http://localhost:5174/src/app/screens/ReadingScreen.tsx?t=1779630845996:853
[  140257ms] [LOG] [handleScroll] Scrolled paragraph: 50 @ http://localhost:5174/src/app/screens/ReadingScreen.tsx?t=1779630845996:853
[  140263ms] [LOG] [handleScroll] Scrolled paragraph: 50 @ http://localhost:5174/src/app/screens/ReadingScreen.tsx?t=1779630845996:853
[  140269ms] [LOG] [handleScroll] Scrolled paragraph: 50 @ http://localhost:5174/src/app/screens/ReadingScreen.tsx?t=1779630845996:853
[  140275ms] [LOG] [handleScroll] Scrolled paragraph: 50 @ http://localhost:5174/src/app/screens/ReadingScreen.tsx?t=1779630845996:853
[  140281ms] [LOG] [handleScroll] Scrolled paragraph: 50 @ http://localhost:5174/src/app/screens/ReadingScreen.tsx?t=1779630845996:853
[  140287ms] [LOG] [handleScroll] Scrolled paragraph: 50 @ http://localhost:5174/src/app/screens/ReadingScreen.tsx?t=1779630845996:853
[  140293ms] [LOG] [handleScroll] Scrolled paragraph: 50 @ http://localhost:5174/src/app/screens/ReadingScreen.tsx?t=1779630845996:853
[  140299ms] [LOG] [handleScroll] Scrolled paragraph: 50 @ http://localhost:5174/src/app/screens/ReadingScreen.tsx?t=1779630845996:853
[  140305ms] [LOG] [handleScroll] Scrolled paragraph: 50 @ http://localhost:5174/src/app/screens/ReadingScreen.tsx?t=1779630845996:853
[  140312ms] [LOG] [handleScroll] Scrolled paragraph: 50 @ http://localhost:5174/src/app/screens/ReadingScreen.tsx?t=1779630845996:853
[  140317ms] [LOG] [handleScroll] Scrolled paragraph: 50 @ http://localhost:5174/src/app/screens/ReadingScreen.tsx?t=1779630845996:853
[  140323ms] [LOG] [handleScroll] Scrolled paragraph: 50 @ http://localhost:5174/src/app/screens/ReadingScreen.tsx?t=1779630845996:853
[  140330ms] [LOG] [handleScroll] Scrolled paragraph: 50 @ http://localhost:5174/src/app/screens/ReadingScreen.tsx?t=1779630845996:853
[  140335ms] [LOG] [handleScroll] Scrolled paragraph: 50 @ http://localhost:5174/src/app/screens/ReadingScreen.tsx?t=1779630845996:853
[  140342ms] [LOG] [handleScroll] Scrolled paragraph: 50 @ http://localhost:5174/src/app/screens/ReadingScreen.tsx?t=1779630845996:853
[  140347ms] [LOG] [handleScroll] Scrolled paragraph: 50 @ http://localhost:5174/src/app/screens/ReadingScreen.tsx?t=1779630845996:853
[  140353ms] [LOG] [handleScroll] Scrolled paragraph: 50 @ http://localhost:5174/src/app/screens/ReadingScreen.tsx?t=1779630845996:853
[  140360ms] [LOG] [handleScroll] Scrolled paragraph: 50 @ http://localhost:5174/src/app/screens/ReadingScreen.tsx?t=1779630845996:853
[  140366ms] [LOG] [handleScroll] Scrolled paragraph: 50 @ http://localhost:5174/src/app/screens/ReadingScreen.tsx?t=1779630845996:853
[  140372ms] [LOG] [handleScroll] Scrolled paragraph: 50 @ http://localhost:5174/src/app/screens/ReadingScreen.tsx?t=1779630845996:853
[  140378ms] [LOG] [handleScroll] Scrolled paragraph: 50 @ http://localhost:5174/src/app/screens/ReadingScreen.tsx?t=1779630845996:853
[  140384ms] [LOG] [handleScroll] Scrolled paragraph: 50 @ http://localhost:5174/src/app/screens/ReadingScreen.tsx?t=1779630845996:853
[  140390ms] [LOG] [handleScroll] Scrolled paragraph: 50 @ http://localhost:5174/src/app/screens/ReadingScreen.tsx?t=1779630845996:853
[  140396ms] [LOG] [handleScroll] Scrolled paragraph: 50 @ http://localhost:5174/src/app/screens/ReadingScreen.tsx?t=1779630845996:853
[  140402ms] [LOG] [handleScroll] Scrolled paragraph: 50 @ http://localhost:5174/src/app/screens/ReadingScreen.tsx?t=1779630845996:853
[  140409ms] [LOG] [handleScroll] Scrolled paragraph: 50 @ http://localhost:5174/src/app/screens/ReadingScreen.tsx?t=1779630845996:853
[  140414ms] [LOG] [handleScroll] Scrolled paragraph: 50 @ http://localhost:5174/src/app/screens/ReadingScreen.tsx?t=1779630845996:853
[  140420ms] [LOG] [handleScroll] Scrolled paragraph: 50 @ http://localhost:5174/src/app/screens/ReadingScreen.tsx?t=1779630845996:853
[  140426ms] [LOG] [handleScroll] Scrolled paragraph: 50 @ http://localhost:5174/src/app/screens/ReadingScreen.tsx?t=1779630845996:853
[  140432ms] [LOG] [handleScroll] Scrolled paragraph: 50 @ http://localhost:5174/src/app/screens/ReadingScreen.tsx?t=1779630845996:853
[  140439ms] [LOG] [handleScroll] Scrolled paragraph: 50 @ http://localhost:5174/src/app/screens/ReadingScreen.tsx?t=1779630845996:853
[  140444ms] [LOG] [handleScroll] Scrolled paragraph: 50 @ http://localhost:5174/src/app/screens/ReadingScreen.tsx?t=1779630845996:853
[  140451ms] [LOG] [handleScroll] Scrolled paragraph: 50 @ http://localhost:5174/src/app/screens/ReadingScreen.tsx?t=1779630845996:853
[  140457ms] [LOG] [handleScroll] Scrolled paragraph: 50 @ http://localhost:5174/src/app/screens/ReadingScreen.tsx?t=1779630845996:853
[  140463ms] [LOG] [handleScroll] Scrolled paragraph: 50 @ http://localhost:5174/src/app/screens/ReadingScreen.tsx?t=1779630845996:853
[  140469ms] [LOG] [handleScroll] Scrolled paragraph: 50 @ http://localhost:5174/src/app/screens/ReadingScreen.tsx?t=1779630845996:853
[  140475ms] [LOG] [handleScroll] Scrolled paragraph: 50 @ http://localhost:5174/src/app/screens/ReadingScreen.tsx?t=1779630845996:853
[  140481ms] [LOG] [handleScroll] Scrolled paragraph: 50 @ http://localhost:5174/src/app/screens/ReadingScreen.tsx?t=1779630845996:853
[  140487ms] [LOG] [handleScroll] Scrolled paragraph: 50 @ http://localhost:5174/src/app/screens/ReadingScreen.tsx?t=1779630845996:853
[  140493ms] [LOG] [handleScroll] Scrolled paragraph: 50 @ http://localhost:5174/src/app/screens/ReadingScreen.tsx?t=1779630845996:853
[  140499ms] [LOG] [handleScroll] Scrolled paragraph: 50 @ http://localhost:5174/src/app/screens/ReadingScreen.tsx?t=1779630845996:853
[  140505ms] [LOG] [handleScroll] Scrolled paragraph: 50 @ http://localhost:5174/src/app/screens/ReadingScreen.tsx?t=1779630845996:853
[  140511ms] [LOG] [handleScroll] Scrolled paragraph: 50 @ http://localhost:5174/src/app/screens/ReadingScreen.tsx?t=1779630845996:853
[  140518ms] [LOG] [handleScroll] Scrolled paragraph: 50 @ http://localhost:5174/src/app/screens/ReadingScreen.tsx?t=1779630845996:853
[  140529ms] [LOG] [handleScroll] Scrolled paragraph: 50 @ http://localhost:5174/src/app/screens/ReadingScreen.tsx?t=1779630845996:853
[  140542ms] [LOG] [handleScroll] Scrolled paragraph: 50 @ http://localhost:5174/src/app/screens/ReadingScreen.tsx?t=1779630845996:853
[  140694ms] [LOG] [Cleanup] Final save paragraph index: 50 @ http://localhost:5174/src/app/screens/ReadingScreen.tsx?t=1779630845996:424
[  140694ms] [LOG] Cleanup: Final save for chapter 2 : {paragraphIndex: 50, isPlaying: false, timestamp: 2026-05-24T13:56:39.303Z} @ http://localhost:5174/src/app/screens/ReadingScreen.tsx?t=1779630845996:433
[  140694ms] [LOG] [MediaService] Silent audio paused @ http://localhost:5174/src/lib/mediaService.ts:84
[  142703ms] [LOG] Auto-saving position for chapter 2 : {paragraphIndex: 50, isPlaying: false, timestamp: 2026-05-24T13:56:41.313Z} @ http://localhost:5174/src/app/screens/ReadingScreen.tsx?t=1779630845996:410
[  144707ms] [LOG] Auto-saving position for chapter 2 : {paragraphIndex: 50, isPlaying: false, timestamp: 2026-05-24T13:56:43.316Z} @ http://localhost:5174/src/app/screens/ReadingScreen.tsx?t=1779630845996:410
[  146700ms] [LOG] Auto-saving position for chapter 2 : {paragraphIndex: 50, isPlaying: false, timestamp: 2026-05-24T13:56:45.309Z} @ http://localhost:5174/src/app/screens/ReadingScreen.tsx?t=1779630845996:410
[  148695ms] [LOG] Auto-saving position for chapter 2 : {paragraphIndex: 50, isPlaying: false, timestamp: 2026-05-24T13:56:47.304Z} @ http://localhost:5174/src/app/screens/ReadingScreen.tsx?t=1779630845996:410
[  150702ms] [LOG] Auto-saving position for chapter 2 : {paragraphIndex: 50, isPlaying: false, timestamp: 2026-05-24T13:56:49.312Z} @ http://localhost:5174/src/app/screens/ReadingScreen.tsx?t=1779630845996:410
[  152698ms] [LOG] Auto-saving position for chapter 2 : {paragraphIndex: 50, isPlaying: false, timestamp: 2026-05-24T13:56:51.308Z} @ http://localhost:5174/src/app/screens/ReadingScreen.tsx?t=1779630845996:410
[  154695ms] [LOG] Auto-saving position for chapter 2 : {paragraphIndex: 50, isPlaying: false, timestamp: 2026-05-24T13:56:53.305Z} @ http://localhost:5174/src/app/screens/ReadingScreen.tsx?t=1779630845996:410
[  156704ms] [LOG] Auto-saving position for chapter 2 : {paragraphIndex: 50, isPlaying: false, timestamp: 2026-05-24T13:56:55.314Z} @ http://localhost:5174/src/app/screens/ReadingScreen.tsx?t=1779630845996:410
[  158709ms] [LOG] Auto-saving position for chapter 2 : {paragraphIndex: 50, isPlaying: false, timestamp: 2026-05-24T13:56:57.318Z} @ http://localhost:5174/src/app/screens/ReadingScreen.tsx?t=1779630845996:410
[  160696ms] [LOG] Auto-saving position for chapter 2 : {paragraphIndex: 50, isPlaying: false, timestamp: 2026-05-24T13:56:59.305Z} @ http://localhost:5174/src/app/screens/ReadingScreen.tsx?t=1779630845996:410
[  162707ms] [LOG] Auto-saving position for chapter 2 : {paragraphIndex: 50, isPlaying: false, timestamp: 2026-05-24T13:57:01.317Z} @ http://localhost:5174/src/app/screens/ReadingScreen.tsx?t=1779630845996:410
[  164374ms] [LOG] Media Session initialized: {title: Chương 1: Đấu La Đại Lục (1), artist: Đấu La Đại Lục} @ http://localhost:5174/src/lib/mediaService.ts:32
[  164376ms] [LOG] [Cleanup] Ignored saving because position was not yet restored for chapter 2 @ http://localhost:5174/src/app/screens/ReadingScreen.tsx?t=1779630845996:420
[  164376ms] [LOG] [ReadingScreen] Initializing media session for: Chương 1: Đấu La Đại Lục (1) @ http://localhost:5174/src/app/screens/ReadingScreen.tsx?t=1779630845996:233
[  164376ms] [LOG] [ReadingScreen] Capacitor platform: web @ http://localhost:5174/src/app/screens/ReadingScreen.tsx?t=1779630845996:234
[  164376ms] [LOG] [ReadingScreen] Is native: false @ http://localhost:5174/src/app/screens/ReadingScreen.tsx?t=1779630845996:235
[  164377ms] [LOG] Media Session initialized: {title: Chương 1: Đấu La Đại Lục (1), artist: Đấu La Đại Lục} @ http://localhost:5174/src/lib/mediaService.ts:32
[  164377ms] [LOG] Media Session handlers set @ http://localhost:5174/src/lib/mediaService.ts:48
[  164377ms] [LOG] [ReadingScreen] Skipping audio service (web platform or service unavailable) @ http://localhost:5174/src/app/screens/ReadingScreen.tsx?t=1779630845996:255
[  164380ms] [LOG] [Cache] Loaded chapter 1 from local cache @ http://localhost:5174/src/app/screens/ReadingScreen.tsx?t=1779630845996:631
[  164382ms] [LOG] [Cleanup] Ignored saving because position was not yet restored for chapter 3337 @ http://localhost:5174/src/app/screens/ReadingScreen.tsx?t=1779630845996:420
[  164382ms] [LOG] [MediaService] Silent audio paused @ http://localhost:5174/src/lib/mediaService.ts:84
[  164382ms] [LOG] Restoring position for chapter 3337 : {paragraphIndex: 87, isPlaying: false, timestamp: 2026-05-24T13:50:51.604Z} @ http://localhost:5174/src/app/screens/ReadingScreen.tsx?t=1779630845996:585
[  164382ms] [LOG] Position restored, paragraphIndex: 87 isPlaying: false @ http://localhost:5174/src/app/screens/ReadingScreen.tsx?t=1779630845996:515
[  164383ms] [LOG] [Cleanup] Final save paragraph index: 87 @ http://localhost:5174/src/app/screens/ReadingScreen.tsx?t=1779630845996:424
[  164383ms] [LOG] Cleanup: Final save for chapter 3337 : {paragraphIndex: 87, isPlaying: false, timestamp: 2026-05-24T13:57:02.993Z} @ http://localhost:5174/src/app/screens/ReadingScreen.tsx?t=1779630845996:433
[  164384ms] [LOG] [MediaService] Silent audio paused @ http://localhost:5174/src/lib/mediaService.ts:84
[  165539ms] [LOG] [handleScroll] Scrolled paragraph: 82 @ http://localhost:5174/src/app/screens/ReadingScreen.tsx?t=1779630845996:853
[  165544ms] [LOG] [handleScroll] Scrolled paragraph: 82 @ http://localhost:5174/src/app/screens/ReadingScreen.tsx?t=1779630845996:853
[  165551ms] [LOG] [handleScroll] Scrolled paragraph: 82 @ http://localhost:5174/src/app/screens/ReadingScreen.tsx?t=1779630845996:853
[  165557ms] [LOG] [handleScroll] Scrolled paragraph: 82 @ http://localhost:5174/src/app/screens/ReadingScreen.tsx?t=1779630845996:853
[  165564ms] [LOG] [handleScroll] Scrolled paragraph: 82 @ http://localhost:5174/src/app/screens/ReadingScreen.tsx?t=1779630845996:853
[  165569ms] [LOG] [handleScroll] Scrolled paragraph: 82 @ http://localhost:5174/src/app/screens/ReadingScreen.tsx?t=1779630845996:853
[  165575ms] [LOG] [handleScroll] Scrolled paragraph: 82 @ http://localhost:5174/src/app/screens/ReadingScreen.tsx?t=1779630845996:853
[  165581ms] [LOG] [handleScroll] Scrolled paragraph: 82 @ http://localhost:5174/src/app/screens/ReadingScreen.tsx?t=1779630845996:853
[  165588ms] [LOG] [handleScroll] Scrolled paragraph: 82 @ http://localhost:5174/src/app/screens/ReadingScreen.tsx?t=1779630845996:853
[  165593ms] [LOG] [handleScroll] Scrolled paragraph: 82 @ http://localhost:5174/src/app/screens/ReadingScreen.tsx?t=1779630845996:853
[  165599ms] [LOG] [handleScroll] Scrolled paragraph: 82 @ http://localhost:5174/src/app/screens/ReadingScreen.tsx?t=1779630845996:853
[  165606ms] [LOG] [handleScroll] Scrolled paragraph: 82 @ http://localhost:5174/src/app/screens/ReadingScreen.tsx?t=1779630845996:853
[  165612ms] [LOG] [handleScroll] Scrolled paragraph: 82 @ http://localhost:5174/src/app/screens/ReadingScreen.tsx?t=1779630845996:853
[  165618ms] [LOG] [handleScroll] Scrolled paragraph: 83 @ http://localhost:5174/src/app/screens/ReadingScreen.tsx?t=1779630845996:853
[  165624ms] [LOG] [handleScroll] Scrolled paragraph: 83 @ http://localhost:5174/src/app/screens/ReadingScreen.tsx?t=1779630845996:853
[  165629ms] [LOG] [handleScroll] Scrolled paragraph: 83 @ http://localhost:5174/src/app/screens/ReadingScreen.tsx?t=1779630845996:853
[  165636ms] [LOG] [handleScroll] Scrolled paragraph: 83 @ http://localhost:5174/src/app/screens/ReadingScreen.tsx?t=1779630845996:853
[  165642ms] [LOG] [handleScroll] Scrolled paragraph: 83 @ http://localhost:5174/src/app/screens/ReadingScreen.tsx?t=1779630845996:853
[  165648ms] [LOG] [handleScroll] Scrolled paragraph: 83 @ http://localhost:5174/src/app/screens/ReadingScreen.tsx?t=1779630845996:853
[  165654ms] [LOG] [handleScroll] Scrolled paragraph: 83 @ http://localhost:5174/src/app/screens/ReadingScreen.tsx?t=1779630845996:853
[  165659ms] [LOG] [handleScroll] Scrolled paragraph: 83 @ http://localhost:5174/src/app/screens/ReadingScreen.tsx?t=1779630845996:853
[  165666ms] [LOG] [handleScroll] Scrolled paragraph: 83 @ http://localhost:5174/src/app/screens/ReadingScreen.tsx?t=1779630845996:853
[  165671ms] [LOG] [handleScroll] Scrolled paragraph: 83 @ http://localhost:5174/src/app/screens/ReadingScreen.tsx?t=1779630845996:853
[  165678ms] [LOG] [handleScroll] Scrolled paragraph: 84 @ http://localhost:5174/src/app/screens/ReadingScreen.tsx?t=1779630845996:853
[  165684ms] [LOG] [handleScroll] Scrolled paragraph: 84 @ http://localhost:5174/src/app/screens/ReadingScreen.tsx?t=1779630845996:853
[  165690ms] [LOG] [handleScroll] Scrolled paragraph: 84 @ http://localhost:5174/src/app/screens/ReadingScreen.tsx?t=1779630845996:853
[  165696ms] [LOG] [handleScroll] Scrolled paragraph: 84 @ http://localhost:5174/src/app/screens/ReadingScreen.tsx?t=1779630845996:853
[  165702ms] [LOG] [handleScroll] Scrolled paragraph: 84 @ http://localhost:5174/src/app/screens/ReadingScreen.tsx?t=1779630845996:853
[  165709ms] [LOG] [handleScroll] Scrolled paragraph: 85 @ http://localhost:5174/src/app/screens/ReadingScreen.tsx?t=1779630845996:853
[  165714ms] [LOG] [handleScroll] Scrolled paragraph: 85 @ http://localhost:5174/src/app/screens/ReadingScreen.tsx?t=1779630845996:853
[  165720ms] [LOG] [handleScroll] Scrolled paragraph: 85 @ http://localhost:5174/src/app/screens/ReadingScreen.tsx?t=1779630845996:853
[  165726ms] [LOG] [handleScroll] Scrolled paragraph: 85 @ http://localhost:5174/src/app/screens/ReadingScreen.tsx?t=1779630845996:853
[  165732ms] [LOG] [handleScroll] Scrolled paragraph: 85 @ http://localhost:5174/src/app/screens/ReadingScreen.tsx?t=1779630845996:853
[  165738ms] [LOG] [handleScroll] Scrolled paragraph: 85 @ http://localhost:5174/src/app/screens/ReadingScreen.tsx?t=1779630845996:853
[  165745ms] [LOG] [handleScroll] Scrolled paragraph: 85 @ http://localhost:5174/src/app/screens/ReadingScreen.tsx?t=1779630845996:853
[  165750ms] [LOG] [handleScroll] Scrolled paragraph: 85 @ http://localhost:5174/src/app/screens/ReadingScreen.tsx?t=1779630845996:853
[  165757ms] [LOG] [handleScroll] Scrolled paragraph: 85 @ http://localhost:5174/src/app/screens/ReadingScreen.tsx?t=1779630845996:853
[  165763ms] [LOG] [handleScroll] Scrolled paragraph: 85 @ http://localhost:5174/src/app/screens/ReadingScreen.tsx?t=1779630845996:853
[  165769ms] [LOG] [handleScroll] Scrolled paragraph: 85 @ http://localhost:5174/src/app/screens/ReadingScreen.tsx?t=1779630845996:853
[  165775ms] [LOG] [handleScroll] Scrolled paragraph: 85 @ http://localhost:5174/src/app/screens/ReadingScreen.tsx?t=1779630845996:853
[  165781ms] [LOG] [handleScroll] Scrolled paragraph: 85 @ http://localhost:5174/src/app/screens/ReadingScreen.tsx?t=1779630845996:853
[  165787ms] [LOG] [handleScroll] Scrolled paragraph: 85 @ http://localhost:5174/src/app/screens/ReadingScreen.tsx?t=1779630845996:853
[  165793ms] [LOG] [handleScroll] Scrolled paragraph: 85 @ http://localhost:5174/src/app/screens/ReadingScreen.tsx?t=1779630845996:853
[  165799ms] [LOG] [handleScroll] Scrolled paragraph: 85 @ http://localhost:5174/src/app/screens/ReadingScreen.tsx?t=1779630845996:853
[  165805ms] [LOG] [handleScroll] Scrolled paragraph: 85 @ http://localhost:5174/src/app/screens/ReadingScreen.tsx?t=1779630845996:853
[  165811ms] [LOG] [handleScroll] Scrolled paragraph: 85 @ http://localhost:5174/src/app/screens/ReadingScreen.tsx?t=1779630845996:853
[  165817ms] [LOG] [handleScroll] Scrolled paragraph: 85 @ http://localhost:5174/src/app/screens/ReadingScreen.tsx?t=1779630845996:853
[  165823ms] [LOG] [handleScroll] Scrolled paragraph: 85 @ http://localhost:5174/src/app/screens/ReadingScreen.tsx?t=1779630845996:853
[  165829ms] [LOG] [handleScroll] Scrolled paragraph: 85 @ http://localhost:5174/src/app/screens/ReadingScreen.tsx?t=1779630845996:853
[  165836ms] [LOG] [handleScroll] Scrolled paragraph: 85 @ http://localhost:5174/src/app/screens/ReadingScreen.tsx?t=1779630845996:853
[  165841ms] [LOG] [handleScroll] Scrolled paragraph: 85 @ http://localhost:5174/src/app/screens/ReadingScreen.tsx?t=1779630845996:853
[  165848ms] [LOG] [handleScroll] Scrolled paragraph: 85 @ http://localhost:5174/src/app/screens/ReadingScreen.tsx?t=1779630845996:853
[  165854ms] [LOG] [handleScroll] Scrolled paragraph: 85 @ http://localhost:5174/src/app/screens/ReadingScreen.tsx?t=1779630845996:853
[  165859ms] [LOG] [handleScroll] Scrolled paragraph: 85 @ http://localhost:5174/src/app/screens/ReadingScreen.tsx?t=1779630845996:853
[  165865ms] [LOG] [handleScroll] Scrolled paragraph: 85 @ http://localhost:5174/src/app/screens/ReadingScreen.tsx?t=1779630845996:853
[  165871ms] [LOG] [handleScroll] Scrolled paragraph: 85 @ http://localhost:5174/src/app/screens/ReadingScreen.tsx?t=1779630845996:853
[  165877ms] [LOG] [handleScroll] Scrolled paragraph: 85 @ http://localhost:5174/src/app/screens/ReadingScreen.tsx?t=1779630845996:853
[  165884ms] [LOG] [handleScroll] Scrolled paragraph: 85 @ http://localhost:5174/src/app/screens/ReadingScreen.tsx?t=1779630845996:853
[  165889ms] [LOG] [handleScroll] Scrolled paragraph: 85 @ http://localhost:5174/src/app/screens/ReadingScreen.tsx?t=1779630845996:853
[  165895ms] [LOG] [handleScroll] Scrolled paragraph: 85 @ http://localhost:5174/src/app/screens/ReadingScreen.tsx?t=1779630845996:853
[  165901ms] [LOG] [handleScroll] Scrolled paragraph: 85 @ http://localhost:5174/src/app/screens/ReadingScreen.tsx?t=1779630845996:853
[  165908ms] [LOG] [handleScroll] Scrolled paragraph: 85 @ http://localhost:5174/src/app/screens/ReadingScreen.tsx?t=1779630845996:853
[  165914ms] [LOG] [handleScroll] Scrolled paragraph: 85 @ http://localhost:5174/src/app/screens/ReadingScreen.tsx?t=1779630845996:853
[  165920ms] [LOG] [handleScroll] Scrolled paragraph: 85 @ http://localhost:5174/src/app/screens/ReadingScreen.tsx?t=1779630845996:853
[  165926ms] [LOG] [handleScroll] Scrolled paragraph: 85 @ http://localhost:5174/src/app/screens/ReadingScreen.tsx?t=1779630845996:853
[  165932ms] [LOG] [handleScroll] Scrolled paragraph: 85 @ http://localhost:5174/src/app/screens/ReadingScreen.tsx?t=1779630845996:853
[  165938ms] [LOG] [handleScroll] Scrolled paragraph: 85 @ http://localhost:5174/src/app/screens/ReadingScreen.tsx?t=1779630845996:853
[  165944ms] [LOG] [handleScroll] Scrolled paragraph: 85 @ http://localhost:5174/src/app/screens/ReadingScreen.tsx?t=1779630845996:853
[  165950ms] [LOG] [handleScroll] Scrolled paragraph: 85 @ http://localhost:5174/src/app/screens/ReadingScreen.tsx?t=1779630845996:853
[  165956ms] [LOG] [handleScroll] Scrolled paragraph: 85 @ http://localhost:5174/src/app/screens/ReadingScreen.tsx?t=1779630845996:853
[  165962ms] [LOG] [handleScroll] Scrolled paragraph: 85 @ http://localhost:5174/src/app/screens/ReadingScreen.tsx?t=1779630845996:853
[  165969ms] [LOG] [handleScroll] Scrolled paragraph: 85 @ http://localhost:5174/src/app/screens/ReadingScreen.tsx?t=1779630845996:853
[  165974ms] [LOG] [handleScroll] Scrolled paragraph: 85 @ http://localhost:5174/src/app/screens/ReadingScreen.tsx?t=1779630845996:853
[  165981ms] [LOG] [handleScroll] Scrolled paragraph: 85 @ http://localhost:5174/src/app/screens/ReadingScreen.tsx?t=1779630845996:853
[  165987ms] [LOG] [handleScroll] Scrolled paragraph: 85 @ http://localhost:5174/src/app/screens/ReadingScreen.tsx?t=1779630845996:853
[  165993ms] [LOG] [handleScroll] Scrolled paragraph: 85 @ http://localhost:5174/src/app/screens/ReadingScreen.tsx?t=1779630845996:853
[  166003ms] [LOG] [handleScroll] Scrolled paragraph: 85 @ http://localhost:5174/src/app/screens/ReadingScreen.tsx?t=1779630845996:853
[  166007ms] [LOG] [handleScroll] Scrolled paragraph: 85 @ http://localhost:5174/src/app/screens/ReadingScreen.tsx?t=1779630845996:853
[  166013ms] [LOG] [handleScroll] Scrolled paragraph: 85 @ http://localhost:5174/src/app/screens/ReadingScreen.tsx?t=1779630845996:853
[  166019ms] [LOG] [handleScroll] Scrolled paragraph: 85 @ http://localhost:5174/src/app/screens/ReadingScreen.tsx?t=1779630845996:853
[  166025ms] [LOG] [handleScroll] Scrolled paragraph: 85 @ http://localhost:5174/src/app/screens/ReadingScreen.tsx?t=1779630845996:853
[  166032ms] [LOG] [handleScroll] Scrolled paragraph: 85 @ http://localhost:5174/src/app/screens/ReadingScreen.tsx?t=1779630845996:853
[  166038ms] [LOG] [handleScroll] Scrolled paragraph: 86 @ http://localhost:5174/src/app/screens/ReadingScreen.tsx?t=1779630845996:853
[  166194ms] [LOG] [Cleanup] Final save paragraph index: 86 @ http://localhost:5174/src/app/screens/ReadingScreen.tsx?t=1779630845996:424
[  166195ms] [LOG] Cleanup: Final save for chapter 3337 : {paragraphIndex: 86, isPlaying: false, timestamp: 2026-05-24T13:57:04.804Z} @ http://localhost:5174/src/app/screens/ReadingScreen.tsx?t=1779630845996:433
[  166195ms] [LOG] [MediaService] Silent audio paused @ http://localhost:5174/src/lib/mediaService.ts:84
[  166813ms] [LOG] [handleScroll] Scrolled paragraph: 86 @ http://localhost:5174/src/app/screens/ReadingScreen.tsx?t=1779630845996:853
[  166819ms] [LOG] [handleScroll] Scrolled paragraph: 86 @ http://localhost:5174/src/app/screens/ReadingScreen.tsx?t=1779630845996:853
[  166825ms] [LOG] [handleScroll] Scrolled paragraph: 86 @ http://localhost:5174/src/app/screens/ReadingScreen.tsx?t=1779630845996:853
[  166829ms] [LOG] [handleScroll] Scrolled paragraph: 86 @ http://localhost:5174/src/app/screens/ReadingScreen.tsx?t=1779630845996:853
[  166837ms] [LOG] [handleScroll] Scrolled paragraph: 86 @ http://localhost:5174/src/app/screens/ReadingScreen.tsx?t=1779630845996:853
[  166844ms] [LOG] [handleScroll] Scrolled paragraph: 86 @ http://localhost:5174/src/app/screens/ReadingScreen.tsx?t=1779630845996:853
[  166850ms] [LOG] [handleScroll] Scrolled paragraph: 86 @ http://localhost:5174/src/app/screens/ReadingScreen.tsx?t=1779630845996:853
[  166856ms] [LOG] [handleScroll] Scrolled paragraph: 86 @ http://localhost:5174/src/app/screens/ReadingScreen.tsx?t=1779630845996:853
[  166861ms] [LOG] [handleScroll] Scrolled paragraph: 86 @ http://localhost:5174/src/app/screens/ReadingScreen.tsx?t=1779630845996:853
[  166867ms] [LOG] [handleScroll] Scrolled paragraph: 86 @ http://localhost:5174/src/app/screens/ReadingScreen.tsx?t=1779630845996:853
[  166874ms] [LOG] [handleScroll] Scrolled paragraph: 87 @ http://localhost:5174/src/app/screens/ReadingScreen.tsx?t=1779630845996:853
[  166880ms] [LOG] [handleScroll] Scrolled paragraph: 87 @ http://localhost:5174/src/app/screens/ReadingScreen.tsx?t=1779630845996:853
[  166886ms] [LOG] [handleScroll] Scrolled paragraph: 87 @ http://localhost:5174/src/app/screens/ReadingScreen.tsx?t=1779630845996:853
[  166892ms] [LOG] [handleScroll] Scrolled paragraph: 87 @ http://localhost:5174/src/app/screens/ReadingScreen.tsx?t=1779630845996:853
[  166898ms] [LOG] [handleScroll] Scrolled paragraph: 87 @ http://localhost:5174/src/app/screens/ReadingScreen.tsx?t=1779630845996:853
[  166903ms] [LOG] [handleScroll] Scrolled paragraph: 87 @ http://localhost:5174/src/app/screens/ReadingScreen.tsx?t=1779630845996:853
[  166909ms] [LOG] [handleScroll] Scrolled paragraph: 87 @ http://localhost:5174/src/app/screens/ReadingScreen.tsx?t=1779630845996:853
[  166913ms] [LOG] [handleScroll] Scrolled paragraph: 87 @ http://localhost:5174/src/app/screens/ReadingScreen.tsx?t=1779630845996:853
[  166922ms] [LOG] [handleScroll] Scrolled paragraph: 87 @ http://localhost:5174/src/app/screens/ReadingScreen.tsx?t=1779630845996:853
[  166929ms] [LOG] [handleScroll] Scrolled paragraph: 87 @ http://localhost:5174/src/app/screens/ReadingScreen.tsx?t=1779630845996:853
[  166934ms] [LOG] [handleScroll] Scrolled paragraph: 87 @ http://localhost:5174/src/app/screens/ReadingScreen.tsx?t=1779630845996:853
[  166941ms] [LOG] [handleScroll] Scrolled paragraph: 87 @ http://localhost:5174/src/app/screens/ReadingScreen.tsx?t=1779630845996:853
[  166946ms] [LOG] [handleScroll] Scrolled paragraph: 87 @ http://localhost:5174/src/app/screens/ReadingScreen.tsx?t=1779630845996:853
[  166952ms] [LOG] [handleScroll] Scrolled paragraph: 87 @ http://localhost:5174/src/app/screens/ReadingScreen.tsx?t=1779630845996:853
[  166960ms] [LOG] [handleScroll] Scrolled paragraph: 87 @ http://localhost:5174/src/app/screens/ReadingScreen.tsx?t=1779630845996:853
[  166966ms] [LOG] [handleScroll] Scrolled paragraph: 87 @ http://localhost:5174/src/app/screens/ReadingScreen.tsx?t=1779630845996:853
[  166972ms] [LOG] [handleScroll] Scrolled paragraph: 87 @ http://localhost:5174/src/app/screens/ReadingScreen.tsx?t=1779630845996:853
[  166977ms] [LOG] [handleScroll] Scrolled paragraph: 87 @ http://localhost:5174/src/app/screens/ReadingScreen.tsx?t=1779630845996:853
[  166984ms] [LOG] [handleScroll] Scrolled paragraph: 87 @ http://localhost:5174/src/app/screens/ReadingScreen.tsx?t=1779630845996:853
[  166988ms] [LOG] [handleScroll] Scrolled paragraph: 87 @ http://localhost:5174/src/app/screens/ReadingScreen.tsx?t=1779630845996:853
[  166995ms] [LOG] [handleScroll] Scrolled paragraph: 87 @ http://localhost:5174/src/app/screens/ReadingScreen.tsx?t=1779630845996:853
[  167147ms] [LOG] [Cleanup] Final save paragraph index: 87 @ http://localhost:5174/src/app/screens/ReadingScreen.tsx?t=1779630845996:424
[  167147ms] [LOG] Cleanup: Final save for chapter 3337 : {paragraphIndex: 87, isPlaying: false, timestamp: 2026-05-24T13:57:05.757Z} @ http://localhost:5174/src/app/screens/ReadingScreen.tsx?t=1779630845996:433
[  167147ms] [LOG] [MediaService] Silent audio paused @ http://localhost:5174/src/lib/mediaService.ts:84
[  167558ms] [LOG] [handleScroll] Scrolled paragraph: 87 @ http://localhost:5174/src/app/screens/ReadingScreen.tsx?t=1779630845996:853
[  167564ms] [LOG] [handleScroll] Scrolled paragraph: 87 @ http://localhost:5174/src/app/screens/ReadingScreen.tsx?t=1779630845996:853
[  167570ms] [LOG] [handleScroll] Scrolled paragraph: 87 @ http://localhost:5174/src/app/screens/ReadingScreen.tsx?t=1779630845996:853
[  167576ms] [LOG] [handleScroll] Scrolled paragraph: 87 @ http://localhost:5174/src/app/screens/ReadingScreen.tsx?t=1779630845996:853
[  167582ms] [LOG] [handleScroll] Scrolled paragraph: 87 @ http://localhost:5174/src/app/screens/ReadingScreen.tsx?t=1779630845996:853
[  167589ms] [LOG] [handleScroll] Scrolled paragraph: 87 @ http://localhost:5174/src/app/screens/ReadingScreen.tsx?t=1779630845996:853
[  167594ms] [LOG] [handleScroll] Scrolled paragraph: 87 @ http://localhost:5174/src/app/screens/ReadingScreen.tsx?t=1779630845996:853
[  167598ms] [LOG] [handleScroll] Scrolled paragraph: 87 @ http://localhost:5174/src/app/screens/ReadingScreen.tsx?t=1779630845996:853
[  167606ms] [LOG] [handleScroll] Scrolled paragraph: 87 @ http://localhost:5174/src/app/screens/ReadingScreen.tsx?t=1779630845996:853
[  167614ms] [LOG] [handleScroll] Scrolled paragraph: 87 @ http://localhost:5174/src/app/screens/ReadingScreen.tsx?t=1779630845996:853
[  167619ms] [LOG] [handleScroll] Scrolled paragraph: 87 @ http://localhost:5174/src/app/screens/ReadingScreen.tsx?t=1779630845996:853
[  167626ms] [LOG] [handleScroll] Scrolled paragraph: 87 @ http://localhost:5174/src/app/screens/ReadingScreen.tsx?t=1779630845996:853
[  167631ms] [LOG] [handleScroll] Scrolled paragraph: 87 @ http://localhost:5174/src/app/screens/ReadingScreen.tsx?t=1779630845996:853
[  167636ms] [LOG] [handleScroll] Scrolled paragraph: 87 @ http://localhost:5174/src/app/screens/ReadingScreen.tsx?t=1779630845996:853
[  167644ms] [LOG] [handleScroll] Scrolled paragraph: 87 @ http://localhost:5174/src/app/screens/ReadingScreen.tsx?t=1779630845996:853
[  167649ms] [LOG] [handleScroll] Scrolled paragraph: 87 @ http://localhost:5174/src/app/screens/ReadingScreen.tsx?t=1779630845996:853
[  167656ms] [LOG] [handleScroll] Scrolled paragraph: 87 @ http://localhost:5174/src/app/screens/ReadingScreen.tsx?t=1779630845996:853
[  167662ms] [LOG] [handleScroll] Scrolled paragraph: 87 @ http://localhost:5174/src/app/screens/ReadingScreen.tsx?t=1779630845996:853
[  167667ms] [LOG] [handleScroll] Scrolled paragraph: 87 @ http://localhost:5174/src/app/screens/ReadingScreen.tsx?t=1779630845996:853
[  167673ms] [LOG] [handleScroll] Scrolled paragraph: 87 @ http://localhost:5174/src/app/screens/ReadingScreen.tsx?t=1779630845996:853
[  167679ms] [LOG] [handleScroll] Scrolled paragraph: 87 @ http://localhost:5174/src/app/screens/ReadingScreen.tsx?t=1779630845996:853
[  167685ms] [LOG] [handleScroll] Scrolled paragraph: 87 @ http://localhost:5174/src/app/screens/ReadingScreen.tsx?t=1779630845996:853
[  167693ms] [LOG] [handleScroll] Scrolled paragraph: 87 @ http://localhost:5174/src/app/screens/ReadingScreen.tsx?t=1779630845996:853
[  167698ms] [LOG] [handleScroll] Scrolled paragraph: 87 @ http://localhost:5174/src/app/screens/ReadingScreen.tsx?t=1779630845996:853
[  167705ms] [LOG] [handleScroll] Scrolled paragraph: 87 @ http://localhost:5174/src/app/screens/ReadingScreen.tsx?t=1779630845996:853
[  167710ms] [LOG] [handleScroll] Scrolled paragraph: 87 @ http://localhost:5174/src/app/screens/ReadingScreen.tsx?t=1779630845996:853
[  167717ms] [LOG] [handleScroll] Scrolled paragraph: 87 @ http://localhost:5174/src/app/screens/ReadingScreen.tsx?t=1779630845996:853
[  167723ms] [LOG] [handleScroll] Scrolled paragraph: 87 @ http://localhost:5174/src/app/screens/ReadingScreen.tsx?t=1779630845996:853
[  167729ms] [LOG] [handleScroll] Scrolled paragraph: 87 @ http://localhost:5174/src/app/screens/ReadingScreen.tsx?t=1779630845996:853
[  167734ms] [LOG] [handleScroll] Scrolled paragraph: 87 @ http://localhost:5174/src/app/screens/ReadingScreen.tsx?t=1779630845996:853
[  167741ms] [LOG] [handleScroll] Scrolled paragraph: 87 @ http://localhost:5174/src/app/screens/ReadingScreen.tsx?t=1779630845996:853
[  167746ms] [LOG] [handleScroll] Scrolled paragraph: 87 @ http://localhost:5174/src/app/screens/ReadingScreen.tsx?t=1779630845996:853
[  167752ms] [LOG] [handleScroll] Scrolled paragraph: 87 @ http://localhost:5174/src/app/screens/ReadingScreen.tsx?t=1779630845996:853
[  167879ms] [LOG] [handleScroll] Scrolled paragraph: 87 @ http://localhost:5174/src/app/screens/ReadingScreen.tsx?t=1779630845996:853
[  167884ms] [LOG] [handleScroll] Scrolled paragraph: 86 @ http://localhost:5174/src/app/screens/ReadingScreen.tsx?t=1779630845996:853
[  167892ms] [LOG] [handleScroll] Scrolled paragraph: 86 @ http://localhost:5174/src/app/screens/ReadingScreen.tsx?t=1779630845996:853
[  167897ms] [LOG] [handleScroll] Scrolled paragraph: 86 @ http://localhost:5174/src/app/screens/ReadingScreen.tsx?t=1779630845996:853
[  167903ms] [LOG] [handleScroll] Scrolled paragraph: 86 @ http://localhost:5174/src/app/screens/ReadingScreen.tsx?t=1779630845996:853
[  167908ms] [LOG] [handleScroll] Scrolled paragraph: 86 @ http://localhost:5174/src/app/screens/ReadingScreen.tsx?t=1779630845996:853
[  167916ms] [LOG] [handleScroll] Scrolled paragraph: 86 @ http://localhost:5174/src/app/screens/ReadingScreen.tsx?t=1779630845996:853
[  167922ms] [LOG] [handleScroll] Scrolled paragraph: 86 @ http://localhost:5174/src/app/screens/ReadingScreen.tsx?t=1779630845996:853
[  167928ms] [LOG] [handleScroll] Scrolled paragraph: 85 @ http://localhost:5174/src/app/screens/ReadingScreen.tsx?t=1779630845996:853
[  167934ms] [LOG] [handleScroll] Scrolled paragraph: 85 @ http://localhost:5174/src/app/screens/ReadingScreen.tsx?t=1779630845996:853
[  167940ms] [LOG] [handleScroll] Scrolled paragraph: 85 @ http://localhost:5174/src/app/screens/ReadingScreen.tsx?t=1779630845996:853
[  167943ms] [LOG] [handleScroll] Scrolled paragraph: 85 @ http://localhost:5174/src/app/screens/ReadingScreen.tsx?t=1779630845996:853
[  167952ms] [LOG] [handleScroll] Scrolled paragraph: 85 @ http://localhost:5174/src/app/screens/ReadingScreen.tsx?t=1779630845996:853
[  167958ms] [LOG] [handleScroll] Scrolled paragraph: 85 @ http://localhost:5174/src/app/screens/ReadingScreen.tsx?t=1779630845996:853
[  167965ms] [LOG] [handleScroll] Scrolled paragraph: 85 @ http://localhost:5174/src/app/screens/ReadingScreen.tsx?t=1779630845996:853
[  167970ms] [LOG] [handleScroll] Scrolled paragraph: 85 @ http://localhost:5174/src/app/screens/ReadingScreen.tsx?t=1779630845996:853
[  167977ms] [LOG] [handleScroll] Scrolled paragraph: 85 @ http://localhost:5174/src/app/screens/ReadingScreen.tsx?t=1779630845996:853
[  167983ms] [LOG] [handleScroll] Scrolled paragraph: 85 @ http://localhost:5174/src/app/screens/ReadingScreen.tsx?t=1779630845996:853
[  167989ms] [LOG] [handleScroll] Scrolled paragraph: 85 @ http://localhost:5174/src/app/screens/ReadingScreen.tsx?t=1779630845996:853
[  167996ms] [LOG] [handleScroll] Scrolled paragraph: 84 @ http://localhost:5174/src/app/screens/ReadingScreen.tsx?t=1779630845996:853
[  168001ms] [LOG] [handleScroll] Scrolled paragraph: 84 @ http://localhost:5174/src/app/screens/ReadingScreen.tsx?t=1779630845996:853
[  168006ms] [LOG] [handleScroll] Scrolled paragraph: 83 @ http://localhost:5174/src/app/screens/ReadingScreen.tsx?t=1779630845996:853
[  168013ms] [LOG] [handleScroll] Scrolled paragraph: 83 @ http://localhost:5174/src/app/screens/ReadingScreen.tsx?t=1779630845996:853
[  168019ms] [LOG] [handleScroll] Scrolled paragraph: 83 @ http://localhost:5174/src/app/screens/ReadingScreen.tsx?t=1779630845996:853
[  168025ms] [LOG] [handleScroll] Scrolled paragraph: 83 @ http://localhost:5174/src/app/screens/ReadingScreen.tsx?t=1779630845996:853
[  168031ms] [LOG] [handleScroll] Scrolled paragraph: 83 @ http://localhost:5174/src/app/screens/ReadingScreen.tsx?t=1779630845996:853
[  168037ms] [LOG] [handleScroll] Scrolled paragraph: 83 @ http://localhost:5174/src/app/screens/ReadingScreen.tsx?t=1779630845996:853
[  168043ms] [LOG] [handleScroll] Scrolled paragraph: 83 @ http://localhost:5174/src/app/screens/ReadingScreen.tsx?t=1779630845996:853
[  168156ms] [LOG] [handleScroll] Scrolled paragraph: 83 @ http://localhost:5174/src/app/screens/ReadingScreen.tsx?t=1779630845996:853
[  168165ms] [LOG] [handleScroll] Scrolled paragraph: 83 @ http://localhost:5174/src/app/screens/ReadingScreen.tsx?t=1779630845996:853
[  168171ms] [LOG] [handleScroll] Scrolled paragraph: 83 @ http://localhost:5174/src/app/screens/ReadingScreen.tsx?t=1779630845996:853
[  168176ms] [LOG] [handleScroll] Scrolled paragraph: 83 @ http://localhost:5174/src/app/screens/ReadingScreen.tsx?t=1779630845996:853
[  168182ms] [LOG] [handleScroll] Scrolled paragraph: 83 @ http://localhost:5174/src/app/screens/ReadingScreen.tsx?t=1779630845996:853
[  168188ms] [LOG] [handleScroll] Scrolled paragraph: 83 @ http://localhost:5174/src/app/screens/ReadingScreen.tsx?t=1779630845996:853
[  168196ms] [LOG] [handleScroll] Scrolled paragraph: 83 @ http://localhost:5174/src/app/screens/ReadingScreen.tsx?t=1779630845996:853
[  168198ms] [LOG] [handleScroll] Scrolled paragraph: 83 @ http://localhost:5174/src/app/screens/ReadingScreen.tsx?t=1779630845996:853
[  168207ms] [LOG] [handleScroll] Scrolled paragraph: 83 @ http://localhost:5174/src/app/screens/ReadingScreen.tsx?t=1779630845996:853
[  168213ms] [LOG] [handleScroll] Scrolled paragraph: 83 @ http://localhost:5174/src/app/screens/ReadingScreen.tsx?t=1779630845996:853
[  168219ms] [LOG] [handleScroll] Scrolled paragraph: 83 @ http://localhost:5174/src/app/screens/ReadingScreen.tsx?t=1779630845996:853
[  168226ms] [LOG] [handleScroll] Scrolled paragraph: 82 @ http://localhost:5174/src/app/screens/ReadingScreen.tsx?t=1779630845996:853
[  168232ms] [LOG] [handleScroll] Scrolled paragraph: 82 @ http://localhost:5174/src/app/screens/ReadingScreen.tsx?t=1779630845996:853
[  168237ms] [LOG] [handleScroll] Scrolled paragraph: 82 @ http://localhost:5174/src/app/screens/ReadingScreen.tsx?t=1779630845996:853
[  168244ms] [LOG] [handleScroll] Scrolled paragraph: 82 @ http://localhost:5174/src/app/screens/ReadingScreen.tsx?t=1779630845996:853
[  168249ms] [LOG] [handleScroll] Scrolled paragraph: 82 @ http://localhost:5174/src/app/screens/ReadingScreen.tsx?t=1779630845996:853
[  168255ms] [LOG] [handleScroll] Scrolled paragraph: 82 @ http://localhost:5174/src/app/screens/ReadingScreen.tsx?t=1779630845996:853
[  168261ms] [LOG] [handleScroll] Scrolled paragraph: 82 @ http://localhost:5174/src/app/screens/ReadingScreen.tsx?t=1779630845996:853
[  168267ms] [LOG] [handleScroll] Scrolled paragraph: 82 @ http://localhost:5174/src/app/screens/ReadingScreen.tsx?t=1779630845996:853
[  168273ms] [LOG] [handleScroll] Scrolled paragraph: 82 @ http://localhost:5174/src/app/screens/ReadingScreen.tsx?t=1779630845996:853
[  168279ms] [LOG] [handleScroll] Scrolled paragraph: 82 @ http://localhost:5174/src/app/screens/ReadingScreen.tsx?t=1779630845996:853
[  168285ms] [LOG] [handleScroll] Scrolled paragraph: 82 @ http://localhost:5174/src/app/screens/ReadingScreen.tsx?t=1779630845996:853
[  168291ms] [LOG] [handleScroll] Scrolled paragraph: 82 @ http://localhost:5174/src/app/screens/ReadingScreen.tsx?t=1779630845996:853
[  168297ms] [LOG] [handleScroll] Scrolled paragraph: 82 @ http://localhost:5174/src/app/screens/ReadingScreen.tsx?t=1779630845996:853
[  168304ms] [LOG] [handleScroll] Scrolled paragraph: 82 @ http://localhost:5174/src/app/screens/ReadingScreen.tsx?t=1779630845996:853
[  168449ms] [LOG] [handleScroll] Scrolled paragraph: 82 @ http://localhost:5174/src/app/screens/ReadingScreen.tsx?t=1779630845996:853
[  168455ms] [LOG] [handleScroll] Scrolled paragraph: 82 @ http://localhost:5174/src/app/screens/ReadingScreen.tsx?t=1779630845996:853
[  168461ms] [LOG] [handleScroll] Scrolled paragraph: 82 @ http://localhost:5174/src/app/screens/ReadingScreen.tsx?t=1779630845996:853
[  168468ms] [LOG] [handleScroll] Scrolled paragraph: 82 @ http://localhost:5174/src/app/screens/ReadingScreen.tsx?t=1779630845996:853
[  168471ms] [LOG] [handleScroll] Scrolled paragraph: 82 @ http://localhost:5174/src/app/screens/ReadingScreen.tsx?t=1779630845996:853
[  168480ms] [LOG] [handleScroll] Scrolled paragraph: 82 @ http://localhost:5174/src/app/screens/ReadingScreen.tsx?t=1779630845996:853
[  168484ms] [LOG] [handleScroll] Scrolled paragraph: 82 @ http://localhost:5174/src/app/screens/ReadingScreen.tsx?t=1779630845996:853
[  168492ms] [LOG] [handleScroll] Scrolled paragraph: 81 @ http://localhost:5174/src/app/screens/ReadingScreen.tsx?t=1779630845996:853
[  168497ms] [LOG] [handleScroll] Scrolled paragraph: 81 @ http://localhost:5174/src/app/screens/ReadingScreen.tsx?t=1779630845996:853
[  168503ms] [LOG] [handleScroll] Scrolled paragraph: 81 @ http://localhost:5174/src/app/screens/ReadingScreen.tsx?t=1779630845996:853
[  168510ms] [LOG] [handleScroll] Scrolled paragraph: 81 @ http://localhost:5174/src/app/screens/ReadingScreen.tsx?t=1779630845996:853
[  168515ms] [LOG] [handleScroll] Scrolled paragraph: 81 @ http://localhost:5174/src/app/screens/ReadingScreen.tsx?t=1779630845996:853
[  168521ms] [LOG] [handleScroll] Scrolled paragraph: 81 @ http://localhost:5174/src/app/screens/ReadingScreen.tsx?t=1779630845996:853
[  168527ms] [LOG] [handleScroll] Scrolled paragraph: 81 @ http://localhost:5174/src/app/screens/ReadingScreen.tsx?t=1779630845996:853
[  168534ms] [LOG] [handleScroll] Scrolled paragraph: 81 @ http://localhost:5174/src/app/screens/ReadingScreen.tsx?t=1779630845996:853
[  168540ms] [LOG] [handleScroll] Scrolled paragraph: 81 @ http://localhost:5174/src/app/screens/ReadingScreen.tsx?t=1779630845996:853
[  168546ms] [LOG] [handleScroll] Scrolled paragraph: 81 @ http://localhost:5174/src/app/screens/ReadingScreen.tsx?t=1779630845996:853
[  168552ms] [LOG] [handleScroll] Scrolled paragraph: 81 @ http://localhost:5174/src/app/screens/ReadingScreen.tsx?t=1779630845996:853
[  168557ms] [LOG] [handleScroll] Scrolled paragraph: 80 @ http://localhost:5174/src/app/screens/ReadingScreen.tsx?t=1779630845996:853
[  168563ms] [LOG] [handleScroll] Scrolled paragraph: 80 @ http://localhost:5174/src/app/screens/ReadingScreen.tsx?t=1779630845996:853
[  168570ms] [LOG] [handleScroll] Scrolled paragraph: 80 @ http://localhost:5174/src/app/screens/ReadingScreen.tsx?t=1779630845996:853
[  168577ms] [LOG] [handleScroll] Scrolled paragraph: 80 @ http://localhost:5174/src/app/screens/ReadingScreen.tsx?t=1779630845996:853
[  168582ms] [LOG] [handleScroll] Scrolled paragraph: 80 @ http://localhost:5174/src/app/screens/ReadingScreen.tsx?t=1779630845996:853
[  168589ms] [LOG] [handleScroll] Scrolled paragraph: 80 @ http://localhost:5174/src/app/screens/ReadingScreen.tsx?t=1779630845996:853
[  168742ms] [LOG] [Cleanup] Final save paragraph index: 80 @ http://localhost:5174/src/app/screens/ReadingScreen.tsx?t=1779630845996:424
[  168742ms] [LOG] Cleanup: Final save for chapter 3337 : {paragraphIndex: 80, isPlaying: false, timestamp: 2026-05-24T13:57:07.352Z} @ http://localhost:5174/src/app/screens/ReadingScreen.tsx?t=1779630845996:433
[  168742ms] [LOG] [MediaService] Silent audio paused @ http://localhost:5174/src/lib/mediaService.ts:84
[  169484ms] [LOG] [handleScroll] Scrolled paragraph: 80 @ http://localhost:5174/src/app/screens/ReadingScreen.tsx?t=1779630845996:853
[  169500ms] [LOG] [handleScroll] Scrolled paragraph: 77 @ http://localhost:5174/src/app/screens/ReadingScreen.tsx?t=1779630845996:853
[  169513ms] [LOG] [handleScroll] Scrolled paragraph: 76 @ http://localhost:5174/src/app/screens/ReadingScreen.tsx?t=1779630845996:853
[  169519ms] [LOG] [handleScroll] Scrolled paragraph: 75 @ http://localhost:5174/src/app/screens/ReadingScreen.tsx?t=1779630845996:853
[  169543ms] [LOG] [handleScroll] Scrolled paragraph: 73 @ http://localhost:5174/src/app/screens/ReadingScreen.tsx?t=1779630845996:853
[  169549ms] [LOG] [handleScroll] Scrolled paragraph: 72 @ http://localhost:5174/src/app/screens/ReadingScreen.tsx?t=1779630845996:853
[  169567ms] [LOG] [handleScroll] Scrolled paragraph: 70 @ http://localhost:5174/src/app/screens/ReadingScreen.tsx?t=1779630845996:853
[  169573ms] [LOG] [handleScroll] Scrolled paragraph: 70 @ http://localhost:5174/src/app/screens/ReadingScreen.tsx?t=1779630845996:853
[  169579ms] [LOG] [handleScroll] Scrolled paragraph: 70 @ http://localhost:5174/src/app/screens/ReadingScreen.tsx?t=1779630845996:853
[  169627ms] [LOG] [handleScroll] Scrolled paragraph: 70 @ http://localhost:5174/src/app/screens/ReadingScreen.tsx?t=1779630845996:853
[  169780ms] [LOG] [Cleanup] Final save paragraph index: 70 @ http://localhost:5174/src/app/screens/ReadingScreen.tsx?t=1779630845996:424
[  169780ms] [LOG] Cleanup: Final save for chapter 3337 : {paragraphIndex: 70, isPlaying: false, timestamp: 2026-05-24T13:57:08.390Z} @ http://localhost:5174/src/app/screens/ReadingScreen.tsx?t=1779630845996:433
[  169780ms] [LOG] [MediaService] Silent audio paused @ http://localhost:5174/src/lib/mediaService.ts:84
[  170380ms] [LOG] Media Session initialized: {title: Chương 2: Đấu La Đại Lục (2), artist: Đấu La Đại Lục} @ http://localhost:5174/src/lib/mediaService.ts:32
[  170381ms] [LOG] [Cleanup] Ignored saving because position was not yet restored for chapter 3337 @ http://localhost:5174/src/app/screens/ReadingScreen.tsx?t=1779630845996:420
[  170381ms] [LOG] [ReadingScreen] Initializing media session for: Chương 2: Đấu La Đại Lục (2) @ http://localhost:5174/src/app/screens/ReadingScreen.tsx?t=1779630845996:233
[  170381ms] [LOG] [ReadingScreen] Capacitor platform: web @ http://localhost:5174/src/app/screens/ReadingScreen.tsx?t=1779630845996:234
[  170381ms] [LOG] [ReadingScreen] Is native: false @ http://localhost:5174/src/app/screens/ReadingScreen.tsx?t=1779630845996:235
[  170381ms] [LOG] Media Session initialized: {title: Chương 2: Đấu La Đại Lục (2), artist: Đấu La Đại Lục} @ http://localhost:5174/src/lib/mediaService.ts:32
[  170381ms] [LOG] Media Session handlers set @ http://localhost:5174/src/lib/mediaService.ts:48
[  170381ms] [LOG] [ReadingScreen] Skipping audio service (web platform or service unavailable) @ http://localhost:5174/src/app/screens/ReadingScreen.tsx?t=1779630845996:255
[  170384ms] [LOG] [Cache] Loaded chapter 2 from local cache @ http://localhost:5174/src/app/screens/ReadingScreen.tsx?t=1779630845996:631
[  170386ms] [LOG] [Cleanup] Ignored saving because position was not yet restored for chapter 2 @ http://localhost:5174/src/app/screens/ReadingScreen.tsx?t=1779630845996:420
[  170387ms] [LOG] [MediaService] Silent audio paused @ http://localhost:5174/src/lib/mediaService.ts:84
[  170387ms] [LOG] Restoring position for chapter 2 : {paragraphIndex: 50, isPlaying: false, timestamp: 2026-05-24T13:57:01.317Z} @ http://localhost:5174/src/app/screens/ReadingScreen.tsx?t=1779630845996:585
[  170387ms] [LOG] Position restored, paragraphIndex: 50 isPlaying: false @ http://localhost:5174/src/app/screens/ReadingScreen.tsx?t=1779630845996:515
[  170388ms] [LOG] [Cleanup] Final save paragraph index: 50 @ http://localhost:5174/src/app/screens/ReadingScreen.tsx?t=1779630845996:424
[  170388ms] [LOG] Cleanup: Final save for chapter 2 : {paragraphIndex: 50, isPlaying: false, timestamp: 2026-05-24T13:57:08.998Z} @ http://localhost:5174/src/app/screens/ReadingScreen.tsx?t=1779630845996:433
[  170389ms] [LOG] [MediaService] Silent audio paused @ http://localhost:5174/src/lib/mediaService.ts:84
[  171544ms] [LOG] [handleScroll] Scrolled paragraph: 47 @ http://localhost:5174/src/app/screens/ReadingScreen.tsx?t=1779630845996:853
[  171551ms] [LOG] [handleScroll] Scrolled paragraph: 47 @ http://localhost:5174/src/app/screens/ReadingScreen.tsx?t=1779630845996:853
[  171558ms] [LOG] [handleScroll] Scrolled paragraph: 47 @ http://localhost:5174/src/app/screens/ReadingScreen.tsx?t=1779630845996:853
[  171563ms] [LOG] [handleScroll] Scrolled paragraph: 47 @ http://localhost:5174/src/app/screens/ReadingScreen.tsx?t=1779630845996:853
[  171571ms] [LOG] [handleScroll] Scrolled paragraph: 47 @ http://localhost:5174/src/app/screens/ReadingScreen.tsx?t=1779630845996:853
[  171576ms] [LOG] [handleScroll] Scrolled paragraph: 47 @ http://localhost:5174/src/app/screens/ReadingScreen.tsx?t=1779630845996:853
[  171582ms] [LOG] [handleScroll] Scrolled paragraph: 47 @ http://localhost:5174/src/app/screens/ReadingScreen.tsx?t=1779630845996:853
[  171586ms] [LOG] [handleScroll] Scrolled paragraph: 47 @ http://localhost:5174/src/app/screens/ReadingScreen.tsx?t=1779630845996:853
[  171595ms] [LOG] [handleScroll] Scrolled paragraph: 47 @ http://localhost:5174/src/app/screens/ReadingScreen.tsx?t=1779630845996:853
[  171601ms] [LOG] [handleScroll] Scrolled paragraph: 47 @ http://localhost:5174/src/app/screens/ReadingScreen.tsx?t=1779630845996:853
[  171605ms] [LOG] [handleScroll] Scrolled paragraph: 47 @ http://localhost:5174/src/app/screens/ReadingScreen.tsx?t=1779630845996:853
[  171612ms] [LOG] [handleScroll] Scrolled paragraph: 47 @ http://localhost:5174/src/app/screens/ReadingScreen.tsx?t=1779630845996:853
[  171618ms] [LOG] [handleScroll] Scrolled paragraph: 47 @ http://localhost:5174/src/app/screens/ReadingScreen.tsx?t=1779630845996:853
[  171623ms] [LOG] [handleScroll] Scrolled paragraph: 47 @ http://localhost:5174/src/app/screens/ReadingScreen.tsx?t=1779630845996:853
[  171631ms] [LOG] [handleScroll] Scrolled paragraph: 47 @ http://localhost:5174/src/app/screens/ReadingScreen.tsx?t=1779630845996:853
[  171637ms] [LOG] [handleScroll] Scrolled paragraph: 47 @ http://localhost:5174/src/app/screens/ReadingScreen.tsx?t=1779630845996:853
[  171642ms] [LOG] [handleScroll] Scrolled paragraph: 47 @ http://localhost:5174/src/app/screens/ReadingScreen.tsx?t=1779630845996:853
[  171645ms] [LOG] [handleScroll] Scrolled paragraph: 47 @ http://localhost:5174/src/app/screens/ReadingScreen.tsx?t=1779630845996:853
[  171654ms] [LOG] [handleScroll] Scrolled paragraph: 47 @ http://localhost:5174/src/app/screens/ReadingScreen.tsx?t=1779630845996:853
[  171660ms] [LOG] [handleScroll] Scrolled paragraph: 47 @ http://localhost:5174/src/app/screens/ReadingScreen.tsx?t=1779630845996:853
[  171666ms] [LOG] [handleScroll] Scrolled paragraph: 47 @ http://localhost:5174/src/app/screens/ReadingScreen.tsx?t=1779630845996:853
[  171671ms] [LOG] [handleScroll] Scrolled paragraph: 47 @ http://localhost:5174/src/app/screens/ReadingScreen.tsx?t=1779630845996:853
[  171679ms] [LOG] [handleScroll] Scrolled paragraph: 47 @ http://localhost:5174/src/app/screens/ReadingScreen.tsx?t=1779630845996:853
[  171684ms] [LOG] [handleScroll] Scrolled paragraph: 47 @ http://localhost:5174/src/app/screens/ReadingScreen.tsx?t=1779630845996:853
[  171690ms] [LOG] [handleScroll] Scrolled paragraph: 47 @ http://localhost:5174/src/app/screens/ReadingScreen.tsx?t=1779630845996:853
[  171696ms] [LOG] [handleScroll] Scrolled paragraph: 47 @ http://localhost:5174/src/app/screens/ReadingScreen.tsx?t=1779630845996:853
[  171702ms] [LOG] [handleScroll] Scrolled paragraph: 47 @ http://localhost:5174/src/app/screens/ReadingScreen.tsx?t=1779630845996:853
[  171709ms] [LOG] [handleScroll] Scrolled paragraph: 47 @ http://localhost:5174/src/app/screens/ReadingScreen.tsx?t=1779630845996:853
[  171714ms] [LOG] [handleScroll] Scrolled paragraph: 47 @ http://localhost:5174/src/app/screens/ReadingScreen.tsx?t=1779630845996:853
[  171720ms] [LOG] [handleScroll] Scrolled paragraph: 47 @ http://localhost:5174/src/app/screens/ReadingScreen.tsx?t=1779630845996:853
[  171726ms] [LOG] [handleScroll] Scrolled paragraph: 47 @ http://localhost:5174/src/app/screens/ReadingScreen.tsx?t=1779630845996:853
[  171732ms] [LOG] [handleScroll] Scrolled paragraph: 47 @ http://localhost:5174/src/app/screens/ReadingScreen.tsx?t=1779630845996:853
[  171738ms] [LOG] [handleScroll] Scrolled paragraph: 47 @ http://localhost:5174/src/app/screens/ReadingScreen.tsx?t=1779630845996:853
[  171744ms] [LOG] [handleScroll] Scrolled paragraph: 47 @ http://localhost:5174/src/app/screens/ReadingScreen.tsx?t=1779630845996:853
[  171751ms] [LOG] [handleScroll] Scrolled paragraph: 47 @ http://localhost:5174/src/app/screens/ReadingScreen.tsx?t=1779630845996:853
[  171757ms] [LOG] [handleScroll] Scrolled paragraph: 47 @ http://localhost:5174/src/app/screens/ReadingScreen.tsx?t=1779630845996:853
[  171763ms] [LOG] [handleScroll] Scrolled paragraph: 47 @ http://localhost:5174/src/app/screens/ReadingScreen.tsx?t=1779630845996:853
[  171769ms] [LOG] [handleScroll] Scrolled paragraph: 47 @ http://localhost:5174/src/app/screens/ReadingScreen.tsx?t=1779630845996:853
[  171774ms] [LOG] [handleScroll] Scrolled paragraph: 47 @ http://localhost:5174/src/app/screens/ReadingScreen.tsx?t=1779630845996:853
[  171781ms] [LOG] [handleScroll] Scrolled paragraph: 47 @ http://localhost:5174/src/app/screens/ReadingScreen.tsx?t=1779630845996:853
[  171787ms] [LOG] [handleScroll] Scrolled paragraph: 47 @ http://localhost:5174/src/app/screens/ReadingScreen.tsx?t=1779630845996:853
[  171792ms] [LOG] [handleScroll] Scrolled paragraph: 47 @ http://localhost:5174/src/app/screens/ReadingScreen.tsx?t=1779630845996:853
[  171800ms] [LOG] [handleScroll] Scrolled paragraph: 47 @ http://localhost:5174/src/app/screens/ReadingScreen.tsx?t=1779630845996:853
[  171806ms] [LOG] [handleScroll] Scrolled paragraph: 47 @ http://localhost:5174/src/app/screens/ReadingScreen.tsx?t=1779630845996:853
[  171811ms] [LOG] [handleScroll] Scrolled paragraph: 47 @ http://localhost:5174/src/app/screens/ReadingScreen.tsx?t=1779630845996:853
[  171817ms] [LOG] [handleScroll] Scrolled paragraph: 47 @ http://localhost:5174/src/app/screens/ReadingScreen.tsx?t=1779630845996:853
[  171824ms] [LOG] [handleScroll] Scrolled paragraph: 48 @ http://localhost:5174/src/app/screens/ReadingScreen.tsx?t=1779630845996:853
[  171831ms] [LOG] [handleScroll] Scrolled paragraph: 48 @ http://localhost:5174/src/app/screens/ReadingScreen.tsx?t=1779630845996:853
[  171837ms] [LOG] [handleScroll] Scrolled paragraph: 48 @ http://localhost:5174/src/app/screens/ReadingScreen.tsx?t=1779630845996:853
[  171841ms] [LOG] [handleScroll] Scrolled paragraph: 48 @ http://localhost:5174/src/app/screens/ReadingScreen.tsx?t=1779630845996:853
[  171848ms] [LOG] [handleScroll] Scrolled paragraph: 48 @ http://localhost:5174/src/app/screens/ReadingScreen.tsx?t=1779630845996:853
[  171854ms] [LOG] [handleScroll] Scrolled paragraph: 48 @ http://localhost:5174/src/app/screens/ReadingScreen.tsx?t=1779630845996:853
[  171860ms] [LOG] [handleScroll] Scrolled paragraph: 48 @ http://localhost:5174/src/app/screens/ReadingScreen.tsx?t=1779630845996:853
[  171866ms] [LOG] [handleScroll] Scrolled paragraph: 48 @ http://localhost:5174/src/app/screens/ReadingScreen.tsx?t=1779630845996:853
[  171872ms] [LOG] [handleScroll] Scrolled paragraph: 48 @ http://localhost:5174/src/app/screens/ReadingScreen.tsx?t=1779630845996:853
[  171878ms] [LOG] [handleScroll] Scrolled paragraph: 48 @ http://localhost:5174/src/app/screens/ReadingScreen.tsx?t=1779630845996:853
[  171884ms] [LOG] [handleScroll] Scrolled paragraph: 48 @ http://localhost:5174/src/app/screens/ReadingScreen.tsx?t=1779630845996:853
[  171890ms] [LOG] [handleScroll] Scrolled paragraph: 48 @ http://localhost:5174/src/app/screens/ReadingScreen.tsx?t=1779630845996:853
[  171897ms] [LOG] [handleScroll] Scrolled paragraph: 48 @ http://localhost:5174/src/app/screens/ReadingScreen.tsx?t=1779630845996:853
[  171902ms] [LOG] [handleScroll] Scrolled paragraph: 48 @ http://localhost:5174/src/app/screens/ReadingScreen.tsx?t=1779630845996:853
[  171909ms] [LOG] [handleScroll] Scrolled paragraph: 48 @ http://localhost:5174/src/app/screens/ReadingScreen.tsx?t=1779630845996:853
[  171915ms] [LOG] [handleScroll] Scrolled paragraph: 48 @ http://localhost:5174/src/app/screens/ReadingScreen.tsx?t=1779630845996:853
[  171921ms] [LOG] [handleScroll] Scrolled paragraph: 48 @ http://localhost:5174/src/app/screens/ReadingScreen.tsx?t=1779630845996:853
[  171926ms] [LOG] [handleScroll] Scrolled paragraph: 48 @ http://localhost:5174/src/app/screens/ReadingScreen.tsx?t=1779630845996:853
[  171930ms] [LOG] [handleScroll] Scrolled paragraph: 48 @ http://localhost:5174/src/app/screens/ReadingScreen.tsx?t=1779630845996:853
[  171938ms] [LOG] [handleScroll] Scrolled paragraph: 48 @ http://localhost:5174/src/app/screens/ReadingScreen.tsx?t=1779630845996:853
[  171944ms] [LOG] [handleScroll] Scrolled paragraph: 48 @ http://localhost:5174/src/app/screens/ReadingScreen.tsx?t=1779630845996:853
[  171951ms] [LOG] [handleScroll] Scrolled paragraph: 48 @ http://localhost:5174/src/app/screens/ReadingScreen.tsx?t=1779630845996:853
[  171957ms] [LOG] [handleScroll] Scrolled paragraph: 48 @ http://localhost:5174/src/app/screens/ReadingScreen.tsx?t=1779630845996:853
[  171962ms] [LOG] [handleScroll] Scrolled paragraph: 48 @ http://localhost:5174/src/app/screens/ReadingScreen.tsx?t=1779630845996:853
[  171969ms] [LOG] [handleScroll] Scrolled paragraph: 48 @ http://localhost:5174/src/app/screens/ReadingScreen.tsx?t=1779630845996:853
[  171974ms] [LOG] [handleScroll] Scrolled paragraph: 48 @ http://localhost:5174/src/app/screens/ReadingScreen.tsx?t=1779630845996:853
[  171978ms] [LOG] [handleScroll] Scrolled paragraph: 48 @ http://localhost:5174/src/app/screens/ReadingScreen.tsx?t=1779630845996:853
[  171986ms] [LOG] [handleScroll] Scrolled paragraph: 48 @ http://localhost:5174/src/app/screens/ReadingScreen.tsx?t=1779630845996:853
[  171994ms] [LOG] [handleScroll] Scrolled paragraph: 48 @ http://localhost:5174/src/app/screens/ReadingScreen.tsx?t=1779630845996:853
[  172000ms] [LOG] [handleScroll] Scrolled paragraph: 48 @ http://localhost:5174/src/app/screens/ReadingScreen.tsx?t=1779630845996:853
[  172006ms] [LOG] [handleScroll] Scrolled paragraph: 48 @ http://localhost:5174/src/app/screens/ReadingScreen.tsx?t=1779630845996:853
[  172011ms] [LOG] [handleScroll] Scrolled paragraph: 48 @ http://localhost:5174/src/app/screens/ReadingScreen.tsx?t=1779630845996:853
[  172023ms] [LOG] [handleScroll] Scrolled paragraph: 48 @ http://localhost:5174/src/app/screens/ReadingScreen.tsx?t=1779630845996:853
[  172035ms] [LOG] [handleScroll] Scrolled paragraph: 49 @ http://localhost:5174/src/app/screens/ReadingScreen.tsx?t=1779630845996:853
[  172060ms] [LOG] [handleScroll] Scrolled paragraph: 50 @ http://localhost:5174/src/app/screens/ReadingScreen.tsx?t=1779630845996:853
[  172067ms] [LOG] [handleScroll] Scrolled paragraph: 50 @ http://localhost:5174/src/app/screens/ReadingScreen.tsx?t=1779630845996:853
[  172073ms] [LOG] [handleScroll] Scrolled paragraph: 50 @ http://localhost:5174/src/app/screens/ReadingScreen.tsx?t=1779630845996:853
[  172079ms] [LOG] [handleScroll] Scrolled paragraph: 50 @ http://localhost:5174/src/app/screens/ReadingScreen.tsx?t=1779630845996:853
[  172084ms] [LOG] [handleScroll] Scrolled paragraph: 50 @ http://localhost:5174/src/app/screens/ReadingScreen.tsx?t=1779630845996:853
[  172091ms] [LOG] [handleScroll] Scrolled paragraph: 50 @ http://localhost:5174/src/app/screens/ReadingScreen.tsx?t=1779630845996:853
[  172097ms] [LOG] [handleScroll] Scrolled paragraph: 50 @ http://localhost:5174/src/app/screens/ReadingScreen.tsx?t=1779630845996:853
[  172102ms] [LOG] [handleScroll] Scrolled paragraph: 50 @ http://localhost:5174/src/app/screens/ReadingScreen.tsx?t=1779630845996:853
[  172404ms] [LOG] Auto-saving position for chapter 2 : {paragraphIndex: 50, isPlaying: false, timestamp: 2026-05-24T13:57:11.013Z} @ http://localhost:5174/src/app/screens/ReadingScreen.tsx?t=1779630845996:410
[  173043ms] [LOG] [Cleanup] Final save paragraph index: 50 @ http://localhost:5174/src/app/screens/ReadingScreen.tsx?t=1779630845996:424
[  173043ms] [LOG] Cleanup: Final save for chapter 2 : {paragraphIndex: 50, isPlaying: false, timestamp: 2026-05-24T13:57:11.653Z} @ http://localhost:5174/src/app/screens/ReadingScreen.tsx?t=1779630845996:433
[  173044ms] [LOG] [MediaService] Silent audio paused @ http://localhost:5174/src/lib/mediaService.ts:84
[  173682ms] [LOG] [Cleanup] Final save paragraph index: 53 @ http://localhost:5174/src/app/screens/ReadingScreen.tsx?t=1779630845996:424
[  173682ms] [LOG] Cleanup: Final save for chapter 2 : {paragraphIndex: 53, isPlaying: false, timestamp: 2026-05-24T13:57:12.292Z} @ http://localhost:5174/src/app/screens/ReadingScreen.tsx?t=1779630845996:433
[  173683ms] [LOG] [MediaService] Silent audio paused @ http://localhost:5174/src/lib/mediaService.ts:84
[  174810ms] [LOG] [Cleanup] Final save paragraph index: 54 @ http://localhost:5174/src/app/screens/ReadingScreen.tsx?t=1779630845996:424
[  174810ms] [LOG] Cleanup: Final save for chapter 2 : {paragraphIndex: 54, isPlaying: false, timestamp: 2026-05-24T13:57:13.420Z} @ http://localhost:5174/src/app/screens/ReadingScreen.tsx?t=1779630845996:433
[  174814ms] [LOG] [MediaService] Silent audio playing (keep-alive) @ http://localhost:5174/src/lib/mediaService.ts:74
[  174814ms] [LOG] Wake Lock acquired @ http://localhost:5174/src/lib/mediaService.ts:98
[  176818ms] [LOG] Auto-saving position for chapter 2 : {paragraphIndex: 54, isPlaying: true, timestamp: 2026-05-24T13:57:15.427Z} @ http://localhost:5174/src/app/screens/ReadingScreen.tsx?t=1779630845996:410
[  178752ms] [LOG] Media Session initialized: {title: Chương 3: Đấu La đại lục (3), artist: Đấu La Đại Lục} @ http://localhost:5174/src/lib/mediaService.ts:32
[  178753ms] [LOG] [Cleanup] Ignored saving because position was not yet restored for chapter 2 @ http://localhost:5174/src/app/screens/ReadingScreen.tsx?t=1779630845996:420
[  178753ms] [LOG] [ReadingScreen] Initializing media session for: Chương 3: Đấu La đại lục (3) @ http://localhost:5174/src/app/screens/ReadingScreen.tsx?t=1779630845996:233
[  178753ms] [LOG] [ReadingScreen] Capacitor platform: web @ http://localhost:5174/src/app/screens/ReadingScreen.tsx?t=1779630845996:234
[  178753ms] [LOG] [ReadingScreen] Is native: false @ http://localhost:5174/src/app/screens/ReadingScreen.tsx?t=1779630845996:235
[  178753ms] [LOG] Media Session initialized: {title: Chương 3: Đấu La đại lục (3), artist: Đấu La Đại Lục} @ http://localhost:5174/src/lib/mediaService.ts:32
[  178753ms] [LOG] Media Session handlers set @ http://localhost:5174/src/lib/mediaService.ts:48
[  178754ms] [LOG] [ReadingScreen] Skipping audio service (web platform or service unavailable) @ http://localhost:5174/src/app/screens/ReadingScreen.tsx?t=1779630845996:255
[  178756ms] [LOG] [Cache] Loaded chapter 3 from local cache @ http://localhost:5174/src/app/screens/ReadingScreen.tsx?t=1779630845996:631
[  178758ms] [LOG] [Cleanup] Ignored saving because position was not yet restored for chapter 3 @ http://localhost:5174/src/app/screens/ReadingScreen.tsx?t=1779630845996:420
[  178758ms] [LOG] Restoring position for chapter 3 : {paragraphIndex: 2, isPlaying: true, timestamp: 2026-05-24T13:56:36.899Z} @ http://localhost:5174/src/app/screens/ReadingScreen.tsx?t=1779630845996:585
[  178758ms] [LOG] Position restored, paragraphIndex: 2 isPlaying: true @ http://localhost:5174/src/app/screens/ReadingScreen.tsx?t=1779630845996:515
[  178759ms] [LOG] [Cleanup] Final save paragraph index: 2 @ http://localhost:5174/src/app/screens/ReadingScreen.tsx?t=1779630845996:424
[  178759ms] [LOG] Cleanup: Final save for chapter 3 : {paragraphIndex: 2, isPlaying: true, timestamp: 2026-05-24T13:57:17.369Z} @ http://localhost:5174/src/app/screens/ReadingScreen.tsx?t=1779630845996:433
[  178766ms] [LOG] [MediaService] Silent audio playing (keep-alive) @ http://localhost:5174/src/lib/mediaService.ts:74
[  178766ms] [LOG] [MediaService] Silent audio playing (keep-alive) @ http://localhost:5174/src/lib/mediaService.ts:74
[  178772ms] [LOG] [Prefetch] Fetching chapter 13 @ http://localhost:5174/src/app/screens/ReadingScreen.tsx?t=1779630845996:362
[  178777ms] [LOG] [Prefetch] Cached chapter 13 @ http://localhost:5174/src/app/screens/ReadingScreen.tsx?t=1779630845996:367
[  180502ms] [LOG] Media Session initialized: {title: Chương 2: Đấu La Đại Lục (2), artist: Đấu La Đại Lục} @ http://localhost:5174/src/lib/mediaService.ts:32
[  180504ms] [LOG] [Cleanup] Ignored saving because position was not yet restored for chapter 3 @ http://localhost:5174/src/app/screens/ReadingScreen.tsx?t=1779630845996:420
[  180504ms] [LOG] [ReadingScreen] Initializing media session for: Chương 2: Đấu La Đại Lục (2) @ http://localhost:5174/src/app/screens/ReadingScreen.tsx?t=1779630845996:233
[  180504ms] [LOG] [ReadingScreen] Capacitor platform: web @ http://localhost:5174/src/app/screens/ReadingScreen.tsx?t=1779630845996:234
[  180504ms] [LOG] [ReadingScreen] Is native: false @ http://localhost:5174/src/app/screens/ReadingScreen.tsx?t=1779630845996:235
[  180504ms] [LOG] Media Session initialized: {title: Chương 2: Đấu La Đại Lục (2), artist: Đấu La Đại Lục} @ http://localhost:5174/src/lib/mediaService.ts:32
[  180504ms] [LOG] Media Session handlers set @ http://localhost:5174/src/lib/mediaService.ts:48
[  180504ms] [LOG] [ReadingScreen] Skipping audio service (web platform or service unavailable) @ http://localhost:5174/src/app/screens/ReadingScreen.tsx?t=1779630845996:255
[  180506ms] [LOG] [Cache] Loaded chapter 2 from local cache @ http://localhost:5174/src/app/screens/ReadingScreen.tsx?t=1779630845996:631
[  180507ms] [LOG] [Cleanup] Ignored saving because position was not yet restored for chapter 2 @ http://localhost:5174/src/app/screens/ReadingScreen.tsx?t=1779630845996:420
[  180508ms] [LOG] [MediaService] Silent audio paused @ http://localhost:5174/src/lib/mediaService.ts:84
[  180508ms] [LOG] Restoring position for chapter 2 : {paragraphIndex: 54, isPlaying: true, timestamp: 2026-05-24T13:57:15.427Z} @ http://localhost:5174/src/app/screens/ReadingScreen.tsx?t=1779630845996:585
[  180508ms] [LOG] Position restored, paragraphIndex: 54 isPlaying: true @ http://localhost:5174/src/app/screens/ReadingScreen.tsx?t=1779630845996:515
[  180508ms] [LOG] Auto-resuming from paragraph 54 @ http://localhost:5174/src/app/screens/ReadingScreen.tsx?t=1779630845996:517
[  180509ms] [LOG] [Cleanup] Final save paragraph index: 54 @ http://localhost:5174/src/app/screens/ReadingScreen.tsx?t=1779630845996:424
[  180509ms] [LOG] Cleanup: Final save for chapter 2 : {paragraphIndex: 54, isPlaying: false, timestamp: 2026-05-24T13:57:19.118Z} @ http://localhost:5174/src/app/screens/ReadingScreen.tsx?t=1779630845996:433
[  180509ms] [LOG] Wake Lock released @ http://localhost:5174/src/lib/mediaService.ts:117
[  180516ms] [LOG] [MediaService] Silent audio playing (keep-alive) @ http://localhost:5174/src/lib/mediaService.ts:74
[  182184ms] [LOG] [Cleanup] Final save paragraph index: 54 @ http://localhost:5174/src/app/screens/ReadingScreen.tsx?t=1779630845996:424
[  182184ms] [LOG] Cleanup: Final save for chapter 2 : {paragraphIndex: 54, isPlaying: true, timestamp: 2026-05-24T13:57:20.794Z} @ http://localhost:5174/src/app/screens/ReadingScreen.tsx?t=1779630845996:433
[  182184ms] [LOG] [MediaService] Silent audio paused @ http://localhost:5174/src/lib/mediaService.ts:84
[  182187ms] [ERROR] [SpeechSynthesis] Error for paragraph 54 : interrupted @ http://localhost:5174/src/app/screens/ReadingScreen.tsx?t=1779630845996:783
[  182205ms] [LOG] [handleScroll] Scrolled paragraph: 50 @ http://localhost:5174/src/app/screens/ReadingScreen.tsx?t=1779630845996:853
[  182223ms] [LOG] [handleScroll] Scrolled paragraph: 50 @ http://localhost:5174/src/app/screens/ReadingScreen.tsx?t=1779630845996:853
[  182229ms] [LOG] [handleScroll] Scrolled paragraph: 50 @ http://localhost:5174/src/app/screens/ReadingScreen.tsx?t=1779630845996:853
[  182235ms] [LOG] [handleScroll] Scrolled paragraph: 50 @ http://localhost:5174/src/app/screens/ReadingScreen.tsx?t=1779630845996:853
[  182241ms] [LOG] [handleScroll] Scrolled paragraph: 50 @ http://localhost:5174/src/app/screens/ReadingScreen.tsx?t=1779630845996:853
[  182247ms] [LOG] [handleScroll] Scrolled paragraph: 50 @ http://localhost:5174/src/app/screens/ReadingScreen.tsx?t=1779630845996:853
[  182254ms] [LOG] [handleScroll] Scrolled paragraph: 50 @ http://localhost:5174/src/app/screens/ReadingScreen.tsx?t=1779630845996:853
[  182260ms] [LOG] [handleScroll] Scrolled paragraph: 50 @ http://localhost:5174/src/app/screens/ReadingScreen.tsx?t=1779630845996:853
[  182266ms] [LOG] [handleScroll] Scrolled paragraph: 50 @ http://localhost:5174/src/app/screens/ReadingScreen.tsx?t=1779630845996:853
[  182271ms] [LOG] [handleScroll] Scrolled paragraph: 50 @ http://localhost:5174/src/app/screens/ReadingScreen.tsx?t=1779630845996:853
[  182284ms] [LOG] [handleScroll] Scrolled paragraph: 50 @ http://localhost:5174/src/app/screens/ReadingScreen.tsx?t=1779630845996:853
[  182302ms] [LOG] [handleScroll] Scrolled paragraph: 50 @ http://localhost:5174/src/app/screens/ReadingScreen.tsx?t=1779630845996:853
[  182455ms] [LOG] [Cleanup] Final save paragraph index: 50 @ http://localhost:5174/src/app/screens/ReadingScreen.tsx?t=1779630845996:424
[  182455ms] [LOG] Cleanup: Final save for chapter 2 : {paragraphIndex: 50, isPlaying: false, timestamp: 2026-05-24T13:57:21.064Z} @ http://localhost:5174/src/app/screens/ReadingScreen.tsx?t=1779630845996:433
[  182455ms] [LOG] [MediaService] Silent audio paused @ http://localhost:5174/src/lib/mediaService.ts:84
[  184458ms] [LOG] Auto-saving position for chapter 2 : {paragraphIndex: 50, isPlaying: false, timestamp: 2026-05-24T13:57:23.068Z} @ http://localhost:5174/src/app/screens/ReadingScreen.tsx?t=1779630845996:410
[  186466ms] [LOG] Auto-saving position for chapter 2 : {paragraphIndex: 50, isPlaying: false, timestamp: 2026-05-24T13:57:25.075Z} @ http://localhost:5174/src/app/screens/ReadingScreen.tsx?t=1779630845996:410
[  188467ms] [LOG] Auto-saving position for chapter 2 : {paragraphIndex: 50, isPlaying: false, timestamp: 2026-05-24T13:57:27.077Z} @ http://localhost:5174/src/app/screens/ReadingScreen.tsx?t=1779630845996:410
[  190462ms] [LOG] Auto-saving position for chapter 2 : {paragraphIndex: 50, isPlaying: false, timestamp: 2026-05-24T13:57:29.071Z} @ http://localhost:5174/src/app/screens/ReadingScreen.tsx?t=1779630845996:410
[  192462ms] [LOG] Auto-saving position for chapter 2 : {paragraphIndex: 50, isPlaying: false, timestamp: 2026-05-24T13:57:31.071Z} @ http://localhost:5174/src/app/screens/ReadingScreen.tsx?t=1779630845996:410
[  194459ms] [LOG] Auto-saving position for chapter 2 : {paragraphIndex: 50, isPlaying: false, timestamp: 2026-05-24T13:57:33.069Z} @ http://localhost:5174/src/app/screens/ReadingScreen.tsx?t=1779630845996:410
[  196460ms] [LOG] Auto-saving position for chapter 2 : {paragraphIndex: 50, isPlaying: false, timestamp: 2026-05-24T13:57:35.070Z} @ http://localhost:5174/src/app/screens/ReadingScreen.tsx?t=1779630845996:410
[  198467ms] [LOG] Auto-saving position for chapter 2 : {paragraphIndex: 50, isPlaying: false, timestamp: 2026-05-24T13:57:37.076Z} @ http://localhost:5174/src/app/screens/ReadingScreen.tsx?t=1779630845996:410
[  200470ms] [LOG] Auto-saving position for chapter 2 : {paragraphIndex: 50, isPlaying: false, timestamp: 2026-05-24T13:57:39.080Z} @ http://localhost:5174/src/app/screens/ReadingScreen.tsx?t=1779630845996:410
[  202463ms] [LOG] Auto-saving position for chapter 2 : {paragraphIndex: 50, isPlaying: false, timestamp: 2026-05-24T13:57:41.072Z} @ http://localhost:5174/src/app/screens/ReadingScreen.tsx?t=1779630845996:410
[  203192ms] [LOG] [Cleanup] Final save paragraph index: 50 @ http://localhost:5174/src/app/screens/ReadingScreen.tsx?t=1779630845996:424
[  203192ms] [LOG] Cleanup: Final save for chapter 2 : {paragraphIndex: 50, isPlaying: false, timestamp: 2026-05-24T13:57:41.802Z} @ http://localhost:5174/src/app/screens/ReadingScreen.tsx?t=1779630845996:433
[  203195ms] [LOG] [MediaService] Silent audio playing (keep-alive) @ http://localhost:5174/src/lib/mediaService.ts:74
[  203195ms] [LOG] Wake Lock acquired @ http://localhost:5174/src/lib/mediaService.ts:98
[  203957ms] [LOG] [Cleanup] Final save paragraph index: 50 @ http://localhost:5174/src/app/screens/ReadingScreen.tsx?t=1779630845996:424
[  203957ms] [LOG] Cleanup: Final save for chapter 2 : {paragraphIndex: 50, isPlaying: true, timestamp: 2026-05-24T13:57:42.566Z} @ http://localhost:5174/src/app/screens/ReadingScreen.tsx?t=1779630845996:433
[  203957ms] [LOG] [MediaService] Silent audio paused @ http://localhost:5174/src/lib/mediaService.ts:84
[  203957ms] [LOG] Wake Lock released @ http://localhost:5174/src/lib/mediaService.ts:117
[  203962ms] [ERROR] [SpeechSynthesis] Error for paragraph 50 : interrupted @ http://localhost:5174/src/app/screens/ReadingScreen.tsx?t=1779630845996:783
[  204526ms] [LOG] [Cleanup] Final save paragraph index: 50 @ http://localhost:5174/src/app/screens/ReadingScreen.tsx?t=1779630845996:424
[  204526ms] [LOG] Cleanup: Final save for chapter 2 : {paragraphIndex: 50, isPlaying: false, timestamp: 2026-05-24T13:57:43.135Z} @ http://localhost:5174/src/app/screens/ReadingScreen.tsx?t=1779630845996:433
[  204526ms] [LOG] [MediaService] Silent audio paused @ http://localhost:5174/src/lib/mediaService.ts:84
[  206531ms] [LOG] Auto-saving position for chapter 2 : {paragraphIndex: 54, isPlaying: false, timestamp: 2026-05-24T13:57:45.141Z} @ http://localhost:5174/src/app/screens/ReadingScreen.tsx?t=1779630845996:410
[  208527ms] [LOG] Auto-saving position for chapter 2 : {paragraphIndex: 54, isPlaying: false, timestamp: 2026-05-24T13:57:47.137Z} @ http://localhost:5174/src/app/screens/ReadingScreen.tsx?t=1779630845996:410
[  210532ms] [LOG] Auto-saving position for chapter 2 : {paragraphIndex: 54, isPlaying: false, timestamp: 2026-05-24T13:57:49.141Z} @ http://localhost:5174/src/app/screens/ReadingScreen.tsx?t=1779630845996:410
[  212534ms] [LOG] Auto-saving position for chapter 2 : {paragraphIndex: 54, isPlaying: false, timestamp: 2026-05-24T13:57:51.143Z} @ http://localhost:5174/src/app/screens/ReadingScreen.tsx?t=1779630845996:410
[  214537ms] [LOG] Auto-saving position for chapter 2 : {paragraphIndex: 54, isPlaying: false, timestamp: 2026-05-24T13:57:53.147Z} @ http://localhost:5174/src/app/screens/ReadingScreen.tsx?t=1779630845996:410
[  216536ms] [LOG] Auto-saving position for chapter 2 : {paragraphIndex: 54, isPlaying: false, timestamp: 2026-05-24T13:57:55.145Z} @ http://localhost:5174/src/app/screens/ReadingScreen.tsx?t=1779630845996:410
[  218529ms] [LOG] Auto-saving position for chapter 2 : {paragraphIndex: 54, isPlaying: false, timestamp: 2026-05-24T13:57:57.138Z} @ http://localhost:5174/src/app/screens/ReadingScreen.tsx?t=1779630845996:410
[  220528ms] [LOG] Auto-saving position for chapter 2 : {paragraphIndex: 54, isPlaying: false, timestamp: 2026-05-24T13:57:59.138Z} @ http://localhost:5174/src/app/screens/ReadingScreen.tsx?t=1779630845996:410
[  222528ms] [LOG] Auto-saving position for chapter 2 : {paragraphIndex: 54, isPlaying: false, timestamp: 2026-05-24T13:58:01.137Z} @ http://localhost:5174/src/app/screens/ReadingScreen.tsx?t=1779630845996:410
[  224531ms] [LOG] Auto-saving position for chapter 2 : {paragraphIndex: 54, isPlaying: false, timestamp: 2026-05-24T13:58:03.140Z} @ http://localhost:5174/src/app/screens/ReadingScreen.tsx?t=1779630845996:410
[  226530ms] [LOG] Auto-saving position for chapter 2 : {paragraphIndex: 54, isPlaying: false, timestamp: 2026-05-24T13:58:05.140Z} @ http://localhost:5174/src/app/screens/ReadingScreen.tsx?t=1779630845996:410
[  228534ms] [LOG] Auto-saving position for chapter 2 : {paragraphIndex: 54, isPlaying: false, timestamp: 2026-05-24T13:58:07.144Z} @ http://localhost:5174/src/app/screens/ReadingScreen.tsx?t=1779630845996:410
[  230532ms] [LOG] Auto-saving position for chapter 2 : {paragraphIndex: 54, isPlaying: false, timestamp: 2026-05-24T13:58:09.141Z} @ http://localhost:5174/src/app/screens/ReadingScreen.tsx?t=1779630845996:410
[  232534ms] [LOG] Auto-saving position for chapter 2 : {paragraphIndex: 54, isPlaying: false, timestamp: 2026-05-24T13:58:11.143Z} @ http://localhost:5174/src/app/screens/ReadingScreen.tsx?t=1779630845996:410
[  234539ms] [LOG] Auto-saving position for chapter 2 : {paragraphIndex: 54, isPlaying: false, timestamp: 2026-05-24T13:58:13.149Z} @ http://localhost:5174/src/app/screens/ReadingScreen.tsx?t=1779630845996:410
[  236537ms] [LOG] Auto-saving position for chapter 2 : {paragraphIndex: 54, isPlaying: false, timestamp: 2026-05-24T13:58:15.147Z} @ http://localhost:5174/src/app/screens/ReadingScreen.tsx?t=1779630845996:410
[  238536ms] [LOG] Auto-saving position for chapter 2 : {paragraphIndex: 54, isPlaying: false, timestamp: 2026-05-24T13:58:17.146Z} @ http://localhost:5174/src/app/screens/ReadingScreen.tsx?t=1779630845996:410
[  240534ms] [LOG] Auto-saving position for chapter 2 : {paragraphIndex: 54, isPlaying: false, timestamp: 2026-05-24T13:58:19.143Z} @ http://localhost:5174/src/app/screens/ReadingScreen.tsx?t=1779630845996:410
[  242534ms] [LOG] Auto-saving position for chapter 2 : {paragraphIndex: 54, isPlaying: false, timestamp: 2026-05-24T13:58:21.143Z} @ http://localhost:5174/src/app/screens/ReadingScreen.tsx?t=1779630845996:410
[  244540ms] [LOG] Auto-saving position for chapter 2 : {paragraphIndex: 54, isPlaying: false, timestamp: 2026-05-24T13:58:23.149Z} @ http://localhost:5174/src/app/screens/ReadingScreen.tsx?t=1779630845996:410
[  246528ms] [LOG] Auto-saving position for chapter 2 : {paragraphIndex: 54, isPlaying: false, timestamp: 2026-05-24T13:58:25.138Z} @ http://localhost:5174/src/app/screens/ReadingScreen.tsx?t=1779630845996:410
[  248536ms] [LOG] Auto-saving position for chapter 2 : {paragraphIndex: 54, isPlaying: false, timestamp: 2026-05-24T13:58:27.145Z} @ http://localhost:5174/src/app/screens/ReadingScreen.tsx?t=1779630845996:410
[  250538ms] [LOG] Auto-saving position for chapter 2 : {paragraphIndex: 54, isPlaying: false, timestamp: 2026-05-24T13:58:29.147Z} @ http://localhost:5174/src/app/screens/ReadingScreen.tsx?t=1779630845996:410
[  252528ms] [LOG] Auto-saving position for chapter 2 : {paragraphIndex: 54, isPlaying: false, timestamp: 2026-05-24T13:58:31.137Z} @ http://localhost:5174/src/app/screens/ReadingScreen.tsx?t=1779630845996:410
[  254531ms] [LOG] Auto-saving position for chapter 2 : {paragraphIndex: 54, isPlaying: false, timestamp: 2026-05-24T13:58:33.141Z} @ http://localhost:5174/src/app/screens/ReadingScreen.tsx?t=1779630845996:410
[  256534ms] [LOG] Auto-saving position for chapter 2 : {paragraphIndex: 54, isPlaying: false, timestamp: 2026-05-24T13:58:35.144Z} @ http://localhost:5174/src/app/screens/ReadingScreen.tsx?t=1779630845996:410
[  258539ms] [LOG] Auto-saving position for chapter 2 : {paragraphIndex: 54, isPlaying: false, timestamp: 2026-05-24T13:58:37.148Z} @ http://localhost:5174/src/app/screens/ReadingScreen.tsx?t=1779630845996:410
[  260533ms] [LOG] Auto-saving position for chapter 2 : {paragraphIndex: 54, isPlaying: false, timestamp: 2026-05-24T13:58:39.143Z} @ http://localhost:5174/src/app/screens/ReadingScreen.tsx?t=1779630845996:410
[  262539ms] [LOG] Auto-saving position for chapter 2 : {paragraphIndex: 54, isPlaying: false, timestamp: 2026-05-24T13:58:41.148Z} @ http://localhost:5174/src/app/screens/ReadingScreen.tsx?t=1779630845996:410
[  264536ms] [LOG] Auto-saving position for chapter 2 : {paragraphIndex: 54, isPlaying: false, timestamp: 2026-05-24T13:58:43.146Z} @ http://localhost:5174/src/app/screens/ReadingScreen.tsx?t=1779630845996:410
[  266539ms] [LOG] Auto-saving position for chapter 2 : {paragraphIndex: 54, isPlaying: false, timestamp: 2026-05-24T13:58:45.148Z} @ http://localhost:5174/src/app/screens/ReadingScreen.tsx?t=1779630845996:410
[  268535ms] [LOG] Auto-saving position for chapter 2 : {paragraphIndex: 54, isPlaying: false, timestamp: 2026-05-24T13:58:47.145Z} @ http://localhost:5174/src/app/screens/ReadingScreen.tsx?t=1779630845996:410
[  270538ms] [LOG] Auto-saving position for chapter 2 : {paragraphIndex: 54, isPlaying: false, timestamp: 2026-05-24T13:58:49.147Z} @ http://localhost:5174/src/app/screens/ReadingScreen.tsx?t=1779630845996:410
[  272531ms] [LOG] Auto-saving position for chapter 2 : {paragraphIndex: 54, isPlaying: false, timestamp: 2026-05-24T13:58:51.140Z} @ http://localhost:5174/src/app/screens/ReadingScreen.tsx?t=1779630845996:410
[  274256ms] [LOG] [Cleanup] Final save paragraph index: 54 @ http://localhost:5174/src/app/screens/ReadingScreen.tsx?t=1779630845996:424
[  274257ms] [LOG] Cleanup: Final save for chapter 2 : {paragraphIndex: 54, isPlaying: false, timestamp: 2026-05-24T13:58:52.866Z} @ http://localhost:5174/src/app/screens/ReadingScreen.tsx?t=1779630845996:433
[  274259ms] [LOG] [MediaService] Silent audio playing (keep-alive) @ http://localhost:5174/src/lib/mediaService.ts:74
[  274259ms] [LOG] Wake Lock acquired @ http://localhost:5174/src/lib/mediaService.ts:98
[  276260ms] [LOG] Auto-saving position for chapter 2 : {paragraphIndex: 54, isPlaying: true, timestamp: 2026-05-24T13:58:54.870Z} @ http://localhost:5174/src/app/screens/ReadingScreen.tsx?t=1779630845996:410
[  278264ms] [LOG] Auto-saving position for chapter 2 : {paragraphIndex: 54, isPlaying: true, timestamp: 2026-05-24T13:58:56.873Z} @ http://localhost:5174/src/app/screens/ReadingScreen.tsx?t=1779630845996:410
[  278309ms] [LOG] Media Session initialized: {title: Chương 3: Đấu La đại lục (3), artist: Đấu La Đại Lục} @ http://localhost:5174/src/lib/mediaService.ts:32
[  278310ms] [LOG] [Cleanup] Ignored saving because position was not yet restored for chapter 2 @ http://localhost:5174/src/app/screens/ReadingScreen.tsx?t=1779630845996:420
[  278311ms] [LOG] [ReadingScreen] Initializing media session for: Chương 3: Đấu La đại lục (3) @ http://localhost:5174/src/app/screens/ReadingScreen.tsx?t=1779630845996:233
[  278311ms] [LOG] [ReadingScreen] Capacitor platform: web @ http://localhost:5174/src/app/screens/ReadingScreen.tsx?t=1779630845996:234
[  278311ms] [LOG] [ReadingScreen] Is native: false @ http://localhost:5174/src/app/screens/ReadingScreen.tsx?t=1779630845996:235
[  278311ms] [LOG] Media Session initialized: {title: Chương 3: Đấu La đại lục (3), artist: Đấu La Đại Lục} @ http://localhost:5174/src/lib/mediaService.ts:32
[  278311ms] [LOG] Media Session handlers set @ http://localhost:5174/src/lib/mediaService.ts:48
[  278311ms] [LOG] [ReadingScreen] Skipping audio service (web platform or service unavailable) @ http://localhost:5174/src/app/screens/ReadingScreen.tsx?t=1779630845996:255
[  278315ms] [LOG] [Cache] Loaded chapter 3 from local cache @ http://localhost:5174/src/app/screens/ReadingScreen.tsx?t=1779630845996:631
[  278318ms] [LOG] [Cleanup] Ignored saving because position was not yet restored for chapter 3 @ http://localhost:5174/src/app/screens/ReadingScreen.tsx?t=1779630845996:420
[  278319ms] [LOG] Restoring position for chapter 3 : {paragraphIndex: 2, isPlaying: true, timestamp: 2026-05-24T13:57:17.369Z} @ http://localhost:5174/src/app/screens/ReadingScreen.tsx?t=1779630845996:585
[  278319ms] [LOG] Position restored, paragraphIndex: 2 isPlaying: true @ http://localhost:5174/src/app/screens/ReadingScreen.tsx?t=1779630845996:515
[  278320ms] [LOG] [Cleanup] Final save paragraph index: 2 @ http://localhost:5174/src/app/screens/ReadingScreen.tsx?t=1779630845996:424
[  278320ms] [LOG] Cleanup: Final save for chapter 3 : {paragraphIndex: 2, isPlaying: true, timestamp: 2026-05-24T13:58:56.929Z} @ http://localhost:5174/src/app/screens/ReadingScreen.tsx?t=1779630845996:433
[  278321ms] [LOG] [MediaService] Silent audio playing (keep-alive) @ http://localhost:5174/src/lib/mediaService.ts:74
[  278321ms] [LOG] [MediaService] Silent audio playing (keep-alive) @ http://localhost:5174/src/lib/mediaService.ts:74
[  280331ms] [LOG] Auto-saving position for chapter 3 : {paragraphIndex: 2, isPlaying: true, timestamp: 2026-05-24T13:58:58.940Z} @ http://localhost:5174/src/app/screens/ReadingScreen.tsx?t=1779630845996:410
[  282328ms] [LOG] Auto-saving position for chapter 3 : {paragraphIndex: 2, isPlaying: true, timestamp: 2026-05-24T13:59:00.937Z} @ http://localhost:5174/src/app/screens/ReadingScreen.tsx?t=1779630845996:410
[  284335ms] [LOG] Auto-saving position for chapter 3 : {paragraphIndex: 2, isPlaying: true, timestamp: 2026-05-24T13:59:02.945Z} @ http://localhost:5174/src/app/screens/ReadingScreen.tsx?t=1779630845996:410
[  286329ms] [LOG] Auto-saving position for chapter 3 : {paragraphIndex: 2, isPlaying: true, timestamp: 2026-05-24T13:59:04.938Z} @ http://localhost:5174/src/app/screens/ReadingScreen.tsx?t=1779630845996:410
[  288328ms] [LOG] Auto-saving position for chapter 3 : {paragraphIndex: 2, isPlaying: true, timestamp: 2026-05-24T13:59:06.937Z} @ http://localhost:5174/src/app/screens/ReadingScreen.tsx?t=1779630845996:410
[  290325ms] [LOG] Auto-saving position for chapter 3 : {paragraphIndex: 2, isPlaying: true, timestamp: 2026-05-24T13:59:08.935Z} @ http://localhost:5174/src/app/screens/ReadingScreen.tsx?t=1779630845996:410
[  292334ms] [LOG] Auto-saving position for chapter 3 : {paragraphIndex: 2, isPlaying: true, timestamp: 2026-05-24T13:59:10.944Z} @ http://localhost:5174/src/app/screens/ReadingScreen.tsx?t=1779630845996:410
[  294323ms] [LOG] Auto-saving position for chapter 3 : {paragraphIndex: 2, isPlaying: true, timestamp: 2026-05-24T13:59:12.932Z} @ http://localhost:5174/src/app/screens/ReadingScreen.tsx?t=1779630845996:410
[  296329ms] [LOG] Auto-saving position for chapter 3 : {paragraphIndex: 2, isPlaying: true, timestamp: 2026-05-24T13:59:14.939Z} @ http://localhost:5174/src/app/screens/ReadingScreen.tsx?t=1779630845996:410
[  298323ms] [LOG] Auto-saving position for chapter 3 : {paragraphIndex: 2, isPlaying: true, timestamp: 2026-05-24T13:59:16.932Z} @ http://localhost:5174/src/app/screens/ReadingScreen.tsx?t=1779630845996:410
[  300328ms] [LOG] Auto-saving position for chapter 3 : {paragraphIndex: 2, isPlaying: true, timestamp: 2026-05-24T13:59:18.937Z} @ http://localhost:5174/src/app/screens/ReadingScreen.tsx?t=1779630845996:410
[  302321ms] [LOG] Auto-saving position for chapter 3 : {paragraphIndex: 2, isPlaying: true, timestamp: 2026-05-24T13:59:20.930Z} @ http://localhost:5174/src/app/screens/ReadingScreen.tsx?t=1779630845996:410
[  304335ms] [LOG] Auto-saving position for chapter 3 : {paragraphIndex: 2, isPlaying: true, timestamp: 2026-05-24T13:59:22.944Z} @ http://localhost:5174/src/app/screens/ReadingScreen.tsx?t=1779630845996:410
[  306328ms] [LOG] Auto-saving position for chapter 3 : {paragraphIndex: 2, isPlaying: true, timestamp: 2026-05-24T13:59:24.938Z} @ http://localhost:5174/src/app/screens/ReadingScreen.tsx?t=1779630845996:410
[  308333ms] [LOG] Auto-saving position for chapter 3 : {paragraphIndex: 2, isPlaying: true, timestamp: 2026-05-24T13:59:26.943Z} @ http://localhost:5174/src/app/screens/ReadingScreen.tsx?t=1779630845996:410
[  310331ms] [LOG] Auto-saving position for chapter 3 : {paragraphIndex: 2, isPlaying: true, timestamp: 2026-05-24T13:59:28.941Z} @ http://localhost:5174/src/app/screens/ReadingScreen.tsx?t=1779630845996:410
[  312323ms] [LOG] Auto-saving position for chapter 3 : {paragraphIndex: 2, isPlaying: true, timestamp: 2026-05-24T13:59:30.932Z} @ http://localhost:5174/src/app/screens/ReadingScreen.tsx?t=1779630845996:410
[  314331ms] [LOG] Auto-saving position for chapter 3 : {paragraphIndex: 2, isPlaying: true, timestamp: 2026-05-24T13:59:32.941Z} @ http://localhost:5174/src/app/screens/ReadingScreen.tsx?t=1779630845996:410
[  316332ms] [LOG] Auto-saving position for chapter 3 : {paragraphIndex: 2, isPlaying: true, timestamp: 2026-05-24T13:59:34.942Z} @ http://localhost:5174/src/app/screens/ReadingScreen.tsx?t=1779630845996:410
[  318322ms] [LOG] Auto-saving position for chapter 3 : {paragraphIndex: 2, isPlaying: true, timestamp: 2026-05-24T13:59:36.932Z} @ http://localhost:5174/src/app/screens/ReadingScreen.tsx?t=1779630845996:410
[  320334ms] [LOG] Auto-saving position for chapter 3 : {paragraphIndex: 2, isPlaying: true, timestamp: 2026-05-24T13:59:38.943Z} @ http://localhost:5174/src/app/screens/ReadingScreen.tsx?t=1779630845996:410
[  322328ms] [LOG] Auto-saving position for chapter 3 : {paragraphIndex: 2, isPlaying: true, timestamp: 2026-05-24T13:59:40.938Z} @ http://localhost:5174/src/app/screens/ReadingScreen.tsx?t=1779630845996:410
[  324328ms] [LOG] Auto-saving position for chapter 3 : {paragraphIndex: 2, isPlaying: true, timestamp: 2026-05-24T13:59:42.937Z} @ http://localhost:5174/src/app/screens/ReadingScreen.tsx?t=1779630845996:410
[  326335ms] [LOG] Auto-saving position for chapter 3 : {paragraphIndex: 2, isPlaying: true, timestamp: 2026-05-24T13:59:44.944Z} @ http://localhost:5174/src/app/screens/ReadingScreen.tsx?t=1779630845996:410
[  328324ms] [LOG] Auto-saving position for chapter 3 : {paragraphIndex: 2, isPlaying: true, timestamp: 2026-05-24T13:59:46.933Z} @ http://localhost:5174/src/app/screens/ReadingScreen.tsx?t=1779630845996:410
[  330323ms] [LOG] Auto-saving position for chapter 3 : {paragraphIndex: 2, isPlaying: true, timestamp: 2026-05-24T13:59:48.933Z} @ http://localhost:5174/src/app/screens/ReadingScreen.tsx?t=1779630845996:410
[  332326ms] [LOG] Auto-saving position for chapter 3 : {paragraphIndex: 2, isPlaying: true, timestamp: 2026-05-24T13:59:50.935Z} @ http://localhost:5174/src/app/screens/ReadingScreen.tsx?t=1779630845996:410
[  334324ms] [LOG] Auto-saving position for chapter 3 : {paragraphIndex: 2, isPlaying: true, timestamp: 2026-05-24T13:59:52.933Z} @ http://localhost:5174/src/app/screens/ReadingScreen.tsx?t=1779630845996:410
[  336324ms] [LOG] Auto-saving position for chapter 3 : {paragraphIndex: 2, isPlaying: true, timestamp: 2026-05-24T13:59:54.933Z} @ http://localhost:5174/src/app/screens/ReadingScreen.tsx?t=1779630845996:410
[  338335ms] [LOG] Auto-saving position for chapter 3 : {paragraphIndex: 2, isPlaying: true, timestamp: 2026-05-24T13:59:56.945Z} @ http://localhost:5174/src/app/screens/ReadingScreen.tsx?t=1779630845996:410
[  340321ms] [LOG] Auto-saving position for chapter 3 : {paragraphIndex: 2, isPlaying: true, timestamp: 2026-05-24T13:59:58.930Z} @ http://localhost:5174/src/app/screens/ReadingScreen.tsx?t=1779630845996:410
[  342323ms] [LOG] Auto-saving position for chapter 3 : {paragraphIndex: 2, isPlaying: true, timestamp: 2026-05-24T14:00:00.932Z} @ http://localhost:5174/src/app/screens/ReadingScreen.tsx?t=1779630845996:410
[  344333ms] [LOG] Auto-saving position for chapter 3 : {paragraphIndex: 2, isPlaying: true, timestamp: 2026-05-24T14:00:02.942Z} @ http://localhost:5174/src/app/screens/ReadingScreen.tsx?t=1779630845996:410
[  346334ms] [LOG] Auto-saving position for chapter 3 : {paragraphIndex: 2, isPlaying: true, timestamp: 2026-05-24T14:00:04.943Z} @ http://localhost:5174/src/app/screens/ReadingScreen.tsx?t=1779630845996:410
[  348322ms] [LOG] Auto-saving position for chapter 3 : {paragraphIndex: 2, isPlaying: true, timestamp: 2026-05-24T14:00:06.932Z} @ http://localhost:5174/src/app/screens/ReadingScreen.tsx?t=1779630845996:410
[  350321ms] [LOG] Auto-saving position for chapter 3 : {paragraphIndex: 2, isPlaying: true, timestamp: 2026-05-24T14:00:08.930Z} @ http://localhost:5174/src/app/screens/ReadingScreen.tsx?t=1779630845996:410
[  352332ms] [LOG] Auto-saving position for chapter 3 : {paragraphIndex: 2, isPlaying: true, timestamp: 2026-05-24T14:00:10.942Z} @ http://localhost:5174/src/app/screens/ReadingScreen.tsx?t=1779630845996:410
[  354323ms] [LOG] Auto-saving position for chapter 3 : {paragraphIndex: 2, isPlaying: true, timestamp: 2026-05-24T14:00:12.933Z} @ http://localhost:5174/src/app/screens/ReadingScreen.tsx?t=1779630845996:410
[  356321ms] [LOG] Auto-saving position for chapter 3 : {paragraphIndex: 2, isPlaying: true, timestamp: 2026-05-24T14:00:14.931Z} @ http://localhost:5174/src/app/screens/ReadingScreen.tsx?t=1779630845996:410
[  358323ms] [LOG] Auto-saving position for chapter 3 : {paragraphIndex: 2, isPlaying: true, timestamp: 2026-05-24T14:00:16.932Z} @ http://localhost:5174/src/app/screens/ReadingScreen.tsx?t=1779630845996:410
[  360328ms] [LOG] Auto-saving position for chapter 3 : {paragraphIndex: 2, isPlaying: true, timestamp: 2026-05-24T14:00:18.937Z} @ http://localhost:5174/src/app/screens/ReadingScreen.tsx?t=1779630845996:410
[  362323ms] [LOG] Auto-saving position for chapter 3 : {paragraphIndex: 2, isPlaying: true, timestamp: 2026-05-24T14:00:20.933Z} @ http://localhost:5174/src/app/screens/ReadingScreen.tsx?t=1779630845996:410
[  364325ms] [LOG] Auto-saving position for chapter 3 : {paragraphIndex: 2, isPlaying: true, timestamp: 2026-05-24T14:00:22.934Z} @ http://localhost:5174/src/app/screens/ReadingScreen.tsx?t=1779630845996:410
[  366328ms] [LOG] Auto-saving position for chapter 3 : {paragraphIndex: 2, isPlaying: true, timestamp: 2026-05-24T14:00:24.937Z} @ http://localhost:5174/src/app/screens/ReadingScreen.tsx?t=1779630845996:410
[  368333ms] [LOG] Auto-saving position for chapter 3 : {paragraphIndex: 2, isPlaying: true, timestamp: 2026-05-24T14:00:26.942Z} @ http://localhost:5174/src/app/screens/ReadingScreen.tsx?t=1779630845996:410
[  370325ms] [LOG] Auto-saving position for chapter 3 : {paragraphIndex: 2, isPlaying: true, timestamp: 2026-05-24T14:00:28.935Z} @ http://localhost:5174/src/app/screens/ReadingScreen.tsx?t=1779630845996:410
[  372323ms] [LOG] Auto-saving position for chapter 3 : {paragraphIndex: 2, isPlaying: true, timestamp: 2026-05-24T14:00:30.933Z} @ http://localhost:5174/src/app/screens/ReadingScreen.tsx?t=1779630845996:410
[  374028ms] [LOG] [MediaService] Silent audio paused @ http://localhost:5174/src/lib/mediaService.ts:84
[  374028ms] [LOG] [Cleanup] Final save paragraph index: 2 @ http://localhost:5174/src/app/screens/ReadingScreen.tsx?t=1779630845996:424
[  374028ms] [LOG] Cleanup: Final save for chapter 3 : {paragraphIndex: 2, isPlaying: true, timestamp: 2026-05-24T14:00:32.637Z} @ http://localhost:5174/src/app/screens/ReadingScreen.tsx?t=1779630845996:433
[  374029ms] [LOG] [ReadingScreen] Initializing media session for: Chương 3: Đấu La đại lục (3) @ http://localhost:5174/src/app/screens/ReadingScreen.tsx?t=1779631232346:233
[  374029ms] [LOG] [ReadingScreen] Capacitor platform: web @ http://localhost:5174/src/app/screens/ReadingScreen.tsx?t=1779631232346:234
[  374029ms] [LOG] [ReadingScreen] Is native: false @ http://localhost:5174/src/app/screens/ReadingScreen.tsx?t=1779631232346:235
[  374029ms] [LOG] Media Session initialized: {title: Chương 3: Đấu La đại lục (3), artist: Đấu La Đại Lục} @ http://localhost:5174/src/lib/mediaService.ts:32
[  374029ms] [LOG] Media Session handlers set @ http://localhost:5174/src/lib/mediaService.ts:48
[  374030ms] [LOG] [ReadingScreen] Skipping audio service (web platform or service unavailable) @ http://localhost:5174/src/app/screens/ReadingScreen.tsx?t=1779631232346:255
[  374031ms] [LOG] Restoring position for chapter 3 : {paragraphIndex: 2, isPlaying: true, timestamp: 2026-05-24T14:00:32.637Z} @ http://localhost:5174/src/app/screens/ReadingScreen.tsx?t=1779631232346:585
[  374032ms] [LOG] Position restored, paragraphIndex: 2 isPlaying: true @ http://localhost:5174/src/app/screens/ReadingScreen.tsx?t=1779631232346:515
[  374032ms] [LOG] Wake Lock released @ http://localhost:5174/src/lib/mediaService.ts:117
[  374034ms] [LOG] [MediaService] Silent audio playing (keep-alive) @ http://localhost:5174/src/lib/mediaService.ts:74
[  374039ms] [LOG] [Cache] Loaded chapter 3 from local cache @ http://localhost:5174/src/app/screens/ReadingScreen.tsx?t=1779631232346:631
[  374043ms] [LOG] [Cleanup] Final save paragraph index: 2 @ http://localhost:5174/src/app/screens/ReadingScreen.tsx?t=1779631232346:424
[  374043ms] [LOG] Cleanup: Final save for chapter 3 : {paragraphIndex: 2, isPlaying: true, timestamp: 2026-05-24T14:00:32.653Z} @ http://localhost:5174/src/app/screens/ReadingScreen.tsx?t=1779631232346:433
[  374044ms] [LOG] Restoring position for chapter 3 : {paragraphIndex: 2, isPlaying: true, timestamp: 2026-05-24T14:00:32.653Z} @ http://localhost:5174/src/app/screens/ReadingScreen.tsx?t=1779631232346:585
[  374044ms] [LOG] Position restored, paragraphIndex: 2 isPlaying: true @ http://localhost:5174/src/app/screens/ReadingScreen.tsx?t=1779631232346:515
[  374053ms] [LOG] [MediaService] Silent audio playing (keep-alive) @ http://localhost:5174/src/lib/mediaService.ts:74
[  374053ms] [LOG] Wake Lock acquired @ http://localhost:5174/src/lib/mediaService.ts:98
[  375115ms] [LOG] [ReadingScreen] Initializing media session for: Chương 3: Đấu La đại lục (3) @ http://localhost:5174/src/app/screens/ReadingScreen.tsx?t=1779631232346:233
[  375116ms] [LOG] [ReadingScreen] Capacitor platform: web @ http://localhost:5174/src/app/screens/ReadingScreen.tsx?t=1779631232346:234
[  375116ms] [LOG] [ReadingScreen] Is native: false @ http://localhost:5174/src/app/screens/ReadingScreen.tsx?t=1779631232346:235
[  375116ms] [LOG] Media Session initialized: {title: Chương 3: Đấu La đại lục (3), artist: Đấu La Đại Lục} @ http://localhost:5174/src/lib/mediaService.ts:32
[  375116ms] [LOG] Media Session handlers set @ http://localhost:5174/src/lib/mediaService.ts:48
[  375116ms] [LOG] [ReadingScreen] Skipping audio service (web platform or service unavailable) @ http://localhost:5174/src/app/screens/ReadingScreen.tsx?t=1779631232346:255
[  376052ms] [LOG] Auto-saving position for chapter 3 : {paragraphIndex: 2, isPlaying: true, timestamp: 2026-05-24T14:00:34.662Z} @ http://localhost:5174/src/app/screens/ReadingScreen.tsx?t=1779631232346:410
[  378051ms] [LOG] Auto-saving position for chapter 3 : {paragraphIndex: 2, isPlaying: true, timestamp: 2026-05-24T14:00:36.661Z} @ http://localhost:5174/src/app/screens/ReadingScreen.tsx?t=1779631232346:410
[  380048ms] [LOG] Auto-saving position for chapter 3 : {paragraphIndex: 2, isPlaying: true, timestamp: 2026-05-24T14:00:38.657Z} @ http://localhost:5174/src/app/screens/ReadingScreen.tsx?t=1779631232346:410
[  382057ms] [LOG] Auto-saving position for chapter 3 : {paragraphIndex: 2, isPlaying: true, timestamp: 2026-05-24T14:00:40.666Z} @ http://localhost:5174/src/app/screens/ReadingScreen.tsx?t=1779631232346:410
[  384055ms] [LOG] Auto-saving position for chapter 3 : {paragraphIndex: 2, isPlaying: true, timestamp: 2026-05-24T14:00:42.665Z} @ http://localhost:5174/src/app/screens/ReadingScreen.tsx?t=1779631232346:410
[  386048ms] [LOG] Auto-saving position for chapter 3 : {paragraphIndex: 2, isPlaying: true, timestamp: 2026-05-24T14:00:44.657Z} @ http://localhost:5174/src/app/screens/ReadingScreen.tsx?t=1779631232346:410
[  388052ms] [LOG] Auto-saving position for chapter 3 : {paragraphIndex: 2, isPlaying: true, timestamp: 2026-05-24T14:00:46.662Z} @ http://localhost:5174/src/app/screens/ReadingScreen.tsx?t=1779631232346:410
[  390044ms] [LOG] Auto-saving position for chapter 3 : {paragraphIndex: 2, isPlaying: true, timestamp: 2026-05-24T14:00:48.653Z} @ http://localhost:5174/src/app/screens/ReadingScreen.tsx?t=1779631232346:410
[  391544ms] [LOG] [Cleanup] Final save paragraph index: 2 @ http://localhost:5174/src/app/screens/ReadingScreen.tsx?t=1779631232346:424
[  391544ms] [LOG] Cleanup: Final save for chapter 3 : {paragraphIndex: 2, isPlaying: true, timestamp: 2026-05-24T14:00:50.154Z} @ http://localhost:5174/src/app/screens/ReadingScreen.tsx?t=1779631232346:433
[  391546ms] [LOG] [MediaService] Silent audio playing (keep-alive) @ http://localhost:5174/src/lib/mediaService.ts:74
[  393548ms] [LOG] Auto-saving position for chapter 3 : {paragraphIndex: 1, isPlaying: true, timestamp: 2026-05-24T14:00:52.158Z} @ http://localhost:5174/src/app/screens/ReadingScreen.tsx?t=1779631232346:410
[  394742ms] [LOG] [Cleanup] Final save paragraph index: 1 @ http://localhost:5174/src/app/screens/ReadingScreen.tsx?t=1779631232346:424
[  394742ms] [LOG] Cleanup: Final save for chapter 3 : {paragraphIndex: 1, isPlaying: true, timestamp: 2026-05-24T14:00:53.352Z} @ http://localhost:5174/src/app/screens/ReadingScreen.tsx?t=1779631232346:433
[  394746ms] [LOG] [MediaService] Silent audio playing (keep-alive) @ http://localhost:5174/src/lib/mediaService.ts:74
[  396746ms] [LOG] Auto-saving position for chapter 3 : {paragraphIndex: 2, isPlaying: true, timestamp: 2026-05-24T14:00:55.355Z} @ http://localhost:5174/src/app/screens/ReadingScreen.tsx?t=1779631232346:410
[  397261ms] [LOG] Media Session initialized: {title: Chương 2: Đấu La Đại Lục (2), artist: Đấu La Đại Lục} @ http://localhost:5174/src/lib/mediaService.ts:32
[  397264ms] [LOG] [Cleanup] Ignored saving because position was not yet restored for chapter 3 @ http://localhost:5174/src/app/screens/ReadingScreen.tsx?t=1779631232346:420
[  397265ms] [LOG] [ReadingScreen] Initializing media session for: Chương 2: Đấu La Đại Lục (2) @ http://localhost:5174/src/app/screens/ReadingScreen.tsx?t=1779631232346:233
[  397265ms] [LOG] [ReadingScreen] Capacitor platform: web @ http://localhost:5174/src/app/screens/ReadingScreen.tsx?t=1779631232346:234
[  397265ms] [LOG] [ReadingScreen] Is native: false @ http://localhost:5174/src/app/screens/ReadingScreen.tsx?t=1779631232346:235
[  397265ms] [LOG] Media Session initialized: {title: Chương 2: Đấu La Đại Lục (2), artist: Đấu La Đại Lục} @ http://localhost:5174/src/lib/mediaService.ts:32
[  397265ms] [LOG] Media Session handlers set @ http://localhost:5174/src/lib/mediaService.ts:48
[  397265ms] [LOG] [ReadingScreen] Skipping audio service (web platform or service unavailable) @ http://localhost:5174/src/app/screens/ReadingScreen.tsx?t=1779631232346:255
[  397266ms] [ERROR] [SpeechSynthesis] Error for paragraph 2 : interrupted @ http://localhost:5174/src/app/screens/ReadingScreen.tsx?t=1779631232346:783
[  397268ms] [LOG] [Cache] Loaded chapter 2 from local cache @ http://localhost:5174/src/app/screens/ReadingScreen.tsx?t=1779631232346:631
[  397269ms] [LOG] [Cleanup] Ignored saving because position was not yet restored for chapter 2 @ http://localhost:5174/src/app/screens/ReadingScreen.tsx?t=1779631232346:420
[  397269ms] [LOG] [MediaService] Silent audio paused @ http://localhost:5174/src/lib/mediaService.ts:84
[  397270ms] [LOG] Restoring position for chapter 2 : {paragraphIndex: 54, isPlaying: true, timestamp: 2026-05-24T13:58:56.873Z} @ http://localhost:5174/src/app/screens/ReadingScreen.tsx?t=1779631232346:585
[  397270ms] [LOG] Position restored, paragraphIndex: 54 isPlaying: true @ http://localhost:5174/src/app/screens/ReadingScreen.tsx?t=1779631232346:515
[  397270ms] [LOG] Auto-resuming from paragraph 54 @ http://localhost:5174/src/app/screens/ReadingScreen.tsx?t=1779631232346:517
[  397271ms] [LOG] [Cleanup] Final save paragraph index: 54 @ http://localhost:5174/src/app/screens/ReadingScreen.tsx?t=1779631232346:424
[  397271ms] [LOG] Cleanup: Final save for chapter 2 : {paragraphIndex: 54, isPlaying: false, timestamp: 2026-05-24T14:00:55.880Z} @ http://localhost:5174/src/app/screens/ReadingScreen.tsx?t=1779631232346:433
[  397271ms] [LOG] Wake Lock released @ http://localhost:5174/src/lib/mediaService.ts:117
[  397280ms] [LOG] [MediaService] Silent audio playing (keep-alive) @ http://localhost:5174/src/lib/mediaService.ts:74
[  399283ms] [LOG] Auto-saving position for chapter 2 : {paragraphIndex: 54, isPlaying: true, timestamp: 2026-05-24T14:00:57.893Z} @ http://localhost:5174/src/app/screens/ReadingScreen.tsx?t=1779631232346:410
[  401277ms] [LOG] Auto-saving position for chapter 2 : {paragraphIndex: 54, isPlaying: true, timestamp: 2026-05-24T14:00:59.887Z} @ http://localhost:5174/src/app/screens/ReadingScreen.tsx?t=1779631232346:410
[  401469ms] [LOG] Media Session initialized: {title: Chương 3: Đấu La đại lục (3), artist: Đấu La Đại Lục} @ http://localhost:5174/src/lib/mediaService.ts:32
[  401469ms] [LOG] [Cleanup] Ignored saving because position was not yet restored for chapter 2 @ http://localhost:5174/src/app/screens/ReadingScreen.tsx?t=1779631232346:420
[  401470ms] [LOG] [ReadingScreen] Initializing media session for: Chương 3: Đấu La đại lục (3) @ http://localhost:5174/src/app/screens/ReadingScreen.tsx?t=1779631232346:233
[  401470ms] [LOG] [ReadingScreen] Capacitor platform: web @ http://localhost:5174/src/app/screens/ReadingScreen.tsx?t=1779631232346:234
[  401470ms] [LOG] [ReadingScreen] Is native: false @ http://localhost:5174/src/app/screens/ReadingScreen.tsx?t=1779631232346:235
[  401470ms] [LOG] Media Session initialized: {title: Chương 3: Đấu La đại lục (3), artist: Đấu La Đại Lục} @ http://localhost:5174/src/lib/mediaService.ts:32
[  401470ms] [LOG] Media Session handlers set @ http://localhost:5174/src/lib/mediaService.ts:48
[  401470ms] [LOG] [ReadingScreen] Skipping audio service (web platform or service unavailable) @ http://localhost:5174/src/app/screens/ReadingScreen.tsx?t=1779631232346:255
[  401475ms] [LOG] [Cache] Loaded chapter 3 from local cache @ http://localhost:5174/src/app/screens/ReadingScreen.tsx?t=1779631232346:631
[  401478ms] [LOG] [Cleanup] Ignored saving because position was not yet restored for chapter 3 @ http://localhost:5174/src/app/screens/ReadingScreen.tsx?t=1779631232346:420
[  401478ms] [LOG] Restoring position for chapter 3 : {paragraphIndex: 2, isPlaying: true, timestamp: 2026-05-24T14:00:55.355Z} @ http://localhost:5174/src/app/screens/ReadingScreen.tsx?t=1779631232346:585
[  401479ms] [LOG] Position restored, paragraphIndex: 2 isPlaying: true @ http://localhost:5174/src/app/screens/ReadingScreen.tsx?t=1779631232346:515
[  401479ms] [LOG] [Cleanup] Final save paragraph index: 2 @ http://localhost:5174/src/app/screens/ReadingScreen.tsx?t=1779631232346:424
[  401479ms] [LOG] Cleanup: Final save for chapter 3 : {paragraphIndex: 2, isPlaying: true, timestamp: 2026-05-24T14:01:00.089Z} @ http://localhost:5174/src/app/screens/ReadingScreen.tsx?t=1779631232346:433
[  401486ms] [LOG] [MediaService] Silent audio playing (keep-alive) @ http://localhost:5174/src/lib/mediaService.ts:74
[  401486ms] [LOG] [MediaService] Silent audio playing (keep-alive) @ http://localhost:5174/src/lib/mediaService.ts:74
[  401486ms] [LOG] Wake Lock acquired @ http://localhost:5174/src/lib/mediaService.ts:98
[  401487ms] [LOG] Wake Lock acquired @ http://localhost:5174/src/lib/mediaService.ts:98
[  403485ms] [LOG] Auto-saving position for chapter 3 : {paragraphIndex: 2, isPlaying: true, timestamp: 2026-05-24T14:01:02.094Z} @ http://localhost:5174/src/app/screens/ReadingScreen.tsx?t=1779631232346:410
[  405488ms] [LOG] Auto-saving position for chapter 3 : {paragraphIndex: 2, isPlaying: true, timestamp: 2026-05-24T14:01:04.098Z} @ http://localhost:5174/src/app/screens/ReadingScreen.tsx?t=1779631232346:410
[  407486ms] [LOG] Auto-saving position for chapter 3 : {paragraphIndex: 2, isPlaying: true, timestamp: 2026-05-24T14:01:06.095Z} @ http://localhost:5174/src/app/screens/ReadingScreen.tsx?t=1779631232346:410
[  409483ms] [LOG] Auto-saving position for chapter 3 : {paragraphIndex: 2, isPlaying: true, timestamp: 2026-05-24T14:01:08.092Z} @ http://localhost:5174/src/app/screens/ReadingScreen.tsx?t=1779631232346:410
[  411482ms] [LOG] Auto-saving position for chapter 3 : {paragraphIndex: 2, isPlaying: true, timestamp: 2026-05-24T14:01:10.091Z} @ http://localhost:5174/src/app/screens/ReadingScreen.tsx?t=1779631232346:410
[  413488ms] [LOG] Auto-saving position for chapter 3 : {paragraphIndex: 2, isPlaying: true, timestamp: 2026-05-24T14:01:12.097Z} @ http://localhost:5174/src/app/screens/ReadingScreen.tsx?t=1779631232346:410
[  415487ms] [LOG] Auto-saving position for chapter 3 : {paragraphIndex: 2, isPlaying: true, timestamp: 2026-05-24T14:01:14.096Z} @ http://localhost:5174/src/app/screens/ReadingScreen.tsx?t=1779631232346:410
[  417484ms] [LOG] Auto-saving position for chapter 3 : {paragraphIndex: 2, isPlaying: true, timestamp: 2026-05-24T14:01:16.093Z} @ http://localhost:5174/src/app/screens/ReadingScreen.tsx?t=1779631232346:410
[  419485ms] [LOG] Auto-saving position for chapter 3 : {paragraphIndex: 2, isPlaying: true, timestamp: 2026-05-24T14:01:18.095Z} @ http://localhost:5174/src/app/screens/ReadingScreen.tsx?t=1779631232346:410
[  421483ms] [LOG] Auto-saving position for chapter 3 : {paragraphIndex: 2, isPlaying: true, timestamp: 2026-05-24T14:01:20.093Z} @ http://localhost:5174/src/app/screens/ReadingScreen.tsx?t=1779631232346:410
[  423488ms] [LOG] Auto-saving position for chapter 3 : {paragraphIndex: 2, isPlaying: true, timestamp: 2026-05-24T14:01:22.097Z} @ http://localhost:5174/src/app/screens/ReadingScreen.tsx?t=1779631232346:410
[  425483ms] [LOG] Auto-saving position for chapter 3 : {paragraphIndex: 2, isPlaying: true, timestamp: 2026-05-24T14:01:24.092Z} @ http://localhost:5174/src/app/screens/ReadingScreen.tsx?t=1779631232346:410
[  427482ms] [LOG] Auto-saving position for chapter 3 : {paragraphIndex: 2, isPlaying: true, timestamp: 2026-05-24T14:01:26.091Z} @ http://localhost:5174/src/app/screens/ReadingScreen.tsx?t=1779631232346:410
[  429484ms] [LOG] Auto-saving position for chapter 3 : {paragraphIndex: 2, isPlaying: true, timestamp: 2026-05-24T14:01:28.093Z} @ http://localhost:5174/src/app/screens/ReadingScreen.tsx?t=1779631232346:410
[  431484ms] [LOG] Auto-saving position for chapter 3 : {paragraphIndex: 2, isPlaying: true, timestamp: 2026-05-24T14:01:30.093Z} @ http://localhost:5174/src/app/screens/ReadingScreen.tsx?t=1779631232346:410
[  433494ms] [LOG] Auto-saving position for chapter 3 : {paragraphIndex: 2, isPlaying: true, timestamp: 2026-05-24T14:01:32.104Z} @ http://localhost:5174/src/app/screens/ReadingScreen.tsx?t=1779631232346:410
[  435482ms] [LOG] Auto-saving position for chapter 3 : {paragraphIndex: 2, isPlaying: true, timestamp: 2026-05-24T14:01:34.092Z} @ http://localhost:5174/src/app/screens/ReadingScreen.tsx?t=1779631232346:410
[  437484ms] [LOG] Auto-saving position for chapter 3 : {paragraphIndex: 2, isPlaying: true, timestamp: 2026-05-24T14:01:36.093Z} @ http://localhost:5174/src/app/screens/ReadingScreen.tsx?t=1779631232346:410
[  439485ms] [LOG] Auto-saving position for chapter 3 : {paragraphIndex: 2, isPlaying: true, timestamp: 2026-05-24T14:01:38.094Z} @ http://localhost:5174/src/app/screens/ReadingScreen.tsx?t=1779631232346:410
[  441481ms] [LOG] Auto-saving position for chapter 3 : {paragraphIndex: 2, isPlaying: true, timestamp: 2026-05-24T14:01:40.091Z} @ http://localhost:5174/src/app/screens/ReadingScreen.tsx?t=1779631232346:410
[  443489ms] [LOG] Auto-saving position for chapter 3 : {paragraphIndex: 2, isPlaying: true, timestamp: 2026-05-24T14:01:42.098Z} @ http://localhost:5174/src/app/screens/ReadingScreen.tsx?t=1779631232346:410
[  445489ms] [LOG] Auto-saving position for chapter 3 : {paragraphIndex: 2, isPlaying: true, timestamp: 2026-05-24T14:01:44.098Z} @ http://localhost:5174/src/app/screens/ReadingScreen.tsx?t=1779631232346:410
[  447487ms] [LOG] Auto-saving position for chapter 3 : {paragraphIndex: 2, isPlaying: true, timestamp: 2026-05-24T14:01:46.096Z} @ http://localhost:5174/src/app/screens/ReadingScreen.tsx?t=1779631232346:410
[  449487ms] [LOG] Auto-saving position for chapter 3 : {paragraphIndex: 2, isPlaying: true, timestamp: 2026-05-24T14:01:48.096Z} @ http://localhost:5174/src/app/screens/ReadingScreen.tsx?t=1779631232346:410
[  451484ms] [LOG] Auto-saving position for chapter 3 : {paragraphIndex: 2, isPlaying: true, timestamp: 2026-05-24T14:01:50.093Z} @ http://localhost:5174/src/app/screens/ReadingScreen.tsx?t=1779631232346:410
[  453485ms] [LOG] Auto-saving position for chapter 3 : {paragraphIndex: 2, isPlaying: true, timestamp: 2026-05-24T14:01:52.095Z} @ http://localhost:5174/src/app/screens/ReadingScreen.tsx?t=1779631232346:410
[  455482ms] [LOG] Auto-saving position for chapter 3 : {paragraphIndex: 2, isPlaying: true, timestamp: 2026-05-24T14:01:54.092Z} @ http://localhost:5174/src/app/screens/ReadingScreen.tsx?t=1779631232346:410
[  457489ms] [LOG] Auto-saving position for chapter 3 : {paragraphIndex: 2, isPlaying: true, timestamp: 2026-05-24T14:01:56.099Z} @ http://localhost:5174/src/app/screens/ReadingScreen.tsx?t=1779631232346:410
[  459482ms] [LOG] Auto-saving position for chapter 3 : {paragraphIndex: 2, isPlaying: true, timestamp: 2026-05-24T14:01:58.092Z} @ http://localhost:5174/src/app/screens/ReadingScreen.tsx?t=1779631232346:410
[  461488ms] [LOG] Auto-saving position for chapter 3 : {paragraphIndex: 2, isPlaying: true, timestamp: 2026-05-24T14:02:00.097Z} @ http://localhost:5174/src/app/screens/ReadingScreen.tsx?t=1779631232346:410
[  463487ms] [LOG] Auto-saving position for chapter 3 : {paragraphIndex: 2, isPlaying: true, timestamp: 2026-05-24T14:02:02.096Z} @ http://localhost:5174/src/app/screens/ReadingScreen.tsx?t=1779631232346:410
[  465488ms] [LOG] Auto-saving position for chapter 3 : {paragraphIndex: 2, isPlaying: true, timestamp: 2026-05-24T14:02:04.098Z} @ http://localhost:5174/src/app/screens/ReadingScreen.tsx?t=1779631232346:410
[  467495ms] [LOG] Auto-saving position for chapter 3 : {paragraphIndex: 2, isPlaying: true, timestamp: 2026-05-24T14:02:06.104Z} @ http://localhost:5174/src/app/screens/ReadingScreen.tsx?t=1779631232346:410
[  469486ms] [LOG] Auto-saving position for chapter 3 : {paragraphIndex: 2, isPlaying: true, timestamp: 2026-05-24T14:02:08.095Z} @ http://localhost:5174/src/app/screens/ReadingScreen.tsx?t=1779631232346:410
[  471483ms] [LOG] Auto-saving position for chapter 3 : {paragraphIndex: 2, isPlaying: true, timestamp: 2026-05-24T14:02:10.093Z} @ http://localhost:5174/src/app/screens/ReadingScreen.tsx?t=1779631232346:410
[  473483ms] [LOG] Auto-saving position for chapter 3 : {paragraphIndex: 2, isPlaying: true, timestamp: 2026-05-24T14:02:12.092Z} @ http://localhost:5174/src/app/screens/ReadingScreen.tsx?t=1779631232346:410
[  475483ms] [LOG] Auto-saving position for chapter 3 : {paragraphIndex: 2, isPlaying: true, timestamp: 2026-05-24T14:02:14.092Z} @ http://localhost:5174/src/app/screens/ReadingScreen.tsx?t=1779631232346:410
[  477487ms] [LOG] Auto-saving position for chapter 3 : {paragraphIndex: 2, isPlaying: true, timestamp: 2026-05-24T14:02:16.097Z} @ http://localhost:5174/src/app/screens/ReadingScreen.tsx?t=1779631232346:410
[  479488ms] [LOG] Auto-saving position for chapter 3 : {paragraphIndex: 2, isPlaying: true, timestamp: 2026-05-24T14:02:18.097Z} @ http://localhost:5174/src/app/screens/ReadingScreen.tsx?t=1779631232346:410
[  481483ms] [LOG] Auto-saving position for chapter 3 : {paragraphIndex: 2, isPlaying: true, timestamp: 2026-05-24T14:02:20.093Z} @ http://localhost:5174/src/app/screens/ReadingScreen.tsx?t=1779631232346:410
[  483486ms] [LOG] Auto-saving position for chapter 3 : {paragraphIndex: 2, isPlaying: true, timestamp: 2026-05-24T14:02:22.096Z} @ http://localhost:5174/src/app/screens/ReadingScreen.tsx?t=1779631232346:410
[  485483ms] [LOG] Auto-saving position for chapter 3 : {paragraphIndex: 2, isPlaying: true, timestamp: 2026-05-24T14:02:24.092Z} @ http://localhost:5174/src/app/screens/ReadingScreen.tsx?t=1779631232346:410
[  487428ms] [LOG] Media Session initialized: {title: Chương 2: Đấu La Đại Lục (2), artist: Đấu La Đại Lục} @ http://localhost:5174/src/lib/mediaService.ts:32
[  487429ms] [LOG] [Cleanup] Ignored saving because position was not yet restored for chapter 3 @ http://localhost:5174/src/app/screens/ReadingScreen.tsx?t=1779631232346:420
[  487429ms] [LOG] [ReadingScreen] Initializing media session for: Chương 2: Đấu La Đại Lục (2) @ http://localhost:5174/src/app/screens/ReadingScreen.tsx?t=1779631232346:233
[  487429ms] [LOG] [ReadingScreen] Capacitor platform: web @ http://localhost:5174/src/app/screens/ReadingScreen.tsx?t=1779631232346:234
[  487429ms] [LOG] [ReadingScreen] Is native: false @ http://localhost:5174/src/app/screens/ReadingScreen.tsx?t=1779631232346:235
[  487429ms] [LOG] Media Session initialized: {title: Chương 2: Đấu La Đại Lục (2), artist: Đấu La Đại Lục} @ http://localhost:5174/src/lib/mediaService.ts:32
[  487429ms] [LOG] Media Session handlers set @ http://localhost:5174/src/lib/mediaService.ts:48
[  487430ms] [LOG] [ReadingScreen] Skipping audio service (web platform or service unavailable) @ http://localhost:5174/src/app/screens/ReadingScreen.tsx?t=1779631232346:255
[  487432ms] [LOG] [Cache] Loaded chapter 2 from local cache @ http://localhost:5174/src/app/screens/ReadingScreen.tsx?t=1779631232346:631
[  487434ms] [LOG] [Cleanup] Ignored saving because position was not yet restored for chapter 2 @ http://localhost:5174/src/app/screens/ReadingScreen.tsx?t=1779631232346:420
[  487434ms] [LOG] [MediaService] Silent audio paused @ http://localhost:5174/src/lib/mediaService.ts:84
[  487434ms] [LOG] Restoring position for chapter 2 : {paragraphIndex: 54, isPlaying: true, timestamp: 2026-05-24T14:00:59.887Z} @ http://localhost:5174/src/app/screens/ReadingScreen.tsx?t=1779631232346:585
[  487434ms] [LOG] Position restored, paragraphIndex: 54 isPlaying: true @ http://localhost:5174/src/app/screens/ReadingScreen.tsx?t=1779631232346:515
[  487434ms] [LOG] Auto-resuming from paragraph 54 @ http://localhost:5174/src/app/screens/ReadingScreen.tsx?t=1779631232346:517
[  487435ms] [LOG] [Cleanup] Final save paragraph index: 54 @ http://localhost:5174/src/app/screens/ReadingScreen.tsx?t=1779631232346:424
[  487435ms] [LOG] Cleanup: Final save for chapter 2 : {paragraphIndex: 54, isPlaying: false, timestamp: 2026-05-24T14:02:26.044Z} @ http://localhost:5174/src/app/screens/ReadingScreen.tsx?t=1779631232346:433
[  487435ms] [LOG] Wake Lock released @ http://localhost:5174/src/lib/mediaService.ts:117
[  487435ms] [LOG] [MediaService] Silent audio playing (keep-alive) @ http://localhost:5174/src/lib/mediaService.ts:74
[  489436ms] [LOG] Auto-saving position for chapter 2 : {paragraphIndex: 54, isPlaying: true, timestamp: 2026-05-24T14:02:28.045Z} @ http://localhost:5174/src/app/screens/ReadingScreen.tsx?t=1779631232346:410
[  491436ms] [LOG] Auto-saving position for chapter 2 : {paragraphIndex: 54, isPlaying: true, timestamp: 2026-05-24T14:02:30.045Z} @ http://localhost:5174/src/app/screens/ReadingScreen.tsx?t=1779631232346:410
[  491638ms] [LOG] Media Session initialized: {title: Chương 3: Đấu La đại lục (3), artist: Đấu La Đại Lục} @ http://localhost:5174/src/lib/mediaService.ts:32
[  491640ms] [LOG] [Cleanup] Ignored saving because position was not yet restored for chapter 2 @ http://localhost:5174/src/app/screens/ReadingScreen.tsx?t=1779631232346:420
[  491640ms] [LOG] [ReadingScreen] Initializing media session for: Chương 3: Đấu La đại lục (3) @ http://localhost:5174/src/app/screens/ReadingScreen.tsx?t=1779631232346:233
[  491640ms] [LOG] [ReadingScreen] Capacitor platform: web @ http://localhost:5174/src/app/screens/ReadingScreen.tsx?t=1779631232346:234
[  491640ms] [LOG] [ReadingScreen] Is native: false @ http://localhost:5174/src/app/screens/ReadingScreen.tsx?t=1779631232346:235
[  491640ms] [LOG] Media Session initialized: {title: Chương 3: Đấu La đại lục (3), artist: Đấu La Đại Lục} @ http://localhost:5174/src/lib/mediaService.ts:32
[  491641ms] [LOG] Media Session handlers set @ http://localhost:5174/src/lib/mediaService.ts:48
[  491641ms] [LOG] [ReadingScreen] Skipping audio service (web platform or service unavailable) @ http://localhost:5174/src/app/screens/ReadingScreen.tsx?t=1779631232346:255
[  491645ms] [LOG] [Cache] Loaded chapter 3 from local cache @ http://localhost:5174/src/app/screens/ReadingScreen.tsx?t=1779631232346:631
[  491647ms] [LOG] [Cleanup] Ignored saving because position was not yet restored for chapter 3 @ http://localhost:5174/src/app/screens/ReadingScreen.tsx?t=1779631232346:420
[  491647ms] [LOG] Restoring position for chapter 3 : {paragraphIndex: 2, isPlaying: true, timestamp: 2026-05-24T14:02:24.092Z} @ http://localhost:5174/src/app/screens/ReadingScreen.tsx?t=1779631232346:585
[  491648ms] [LOG] Position restored, paragraphIndex: 2 isPlaying: true @ http://localhost:5174/src/app/screens/ReadingScreen.tsx?t=1779631232346:515
[  491649ms] [LOG] [Cleanup] Final save paragraph index: 2 @ http://localhost:5174/src/app/screens/ReadingScreen.tsx?t=1779631232346:424
[  491649ms] [LOG] Cleanup: Final save for chapter 3 : {paragraphIndex: 2, isPlaying: true, timestamp: 2026-05-24T14:02:30.258Z} @ http://localhost:5174/src/app/screens/ReadingScreen.tsx?t=1779631232346:433
[  491649ms] [LOG] [MediaService] Silent audio playing (keep-alive) @ http://localhost:5174/src/lib/mediaService.ts:74
[  491649ms] [LOG] [MediaService] Silent audio playing (keep-alive) @ http://localhost:5174/src/lib/mediaService.ts:74
[  491649ms] [LOG] Wake Lock acquired @ http://localhost:5174/src/lib/mediaService.ts:98
[  491655ms] [LOG] Wake Lock acquired @ http://localhost:5174/src/lib/mediaService.ts:98
[  493662ms] [LOG] Auto-saving position for chapter 3 : {paragraphIndex: 2, isPlaying: true, timestamp: 2026-05-24T14:02:32.272Z} @ http://localhost:5174/src/app/screens/ReadingScreen.tsx?t=1779631232346:410
[  495662ms] [LOG] Auto-saving position for chapter 3 : {paragraphIndex: 2, isPlaying: true, timestamp: 2026-05-24T14:02:34.272Z} @ http://localhost:5174/src/app/screens/ReadingScreen.tsx?t=1779631232346:410
[  497653ms] [LOG] Auto-saving position for chapter 3 : {paragraphIndex: 2, isPlaying: true, timestamp: 2026-05-24T14:02:36.262Z} @ http://localhost:5174/src/app/screens/ReadingScreen.tsx?t=1779631232346:410
[  499661ms] [LOG] Auto-saving position for chapter 3 : {paragraphIndex: 2, isPlaying: true, timestamp: 2026-05-24T14:02:38.271Z} @ http://localhost:5174/src/app/screens/ReadingScreen.tsx?t=1779631232346:410
[  501658ms] [LOG] Auto-saving position for chapter 3 : {paragraphIndex: 2, isPlaying: true, timestamp: 2026-05-24T14:02:40.268Z} @ http://localhost:5174/src/app/screens/ReadingScreen.tsx?t=1779631232346:410
[  503658ms] [LOG] Auto-saving position for chapter 3 : {paragraphIndex: 2, isPlaying: true, timestamp: 2026-05-24T14:02:42.268Z} @ http://localhost:5174/src/app/screens/ReadingScreen.tsx?t=1779631232346:410
[  505660ms] [LOG] Auto-saving position for chapter 3 : {paragraphIndex: 2, isPlaying: true, timestamp: 2026-05-24T14:02:44.269Z} @ http://localhost:5174/src/app/screens/ReadingScreen.tsx?t=1779631232346:410
[  507651ms] [LOG] Auto-saving position for chapter 3 : {paragraphIndex: 2, isPlaying: true, timestamp: 2026-05-24T14:02:46.261Z} @ http://localhost:5174/src/app/screens/ReadingScreen.tsx?t=1779631232346:410
[  509651ms] [LOG] Auto-saving position for chapter 3 : {paragraphIndex: 2, isPlaying: true, timestamp: 2026-05-24T14:02:48.261Z} @ http://localhost:5174/src/app/screens/ReadingScreen.tsx?t=1779631232346:410
[  511655ms] [LOG] Auto-saving position for chapter 3 : {paragraphIndex: 2, isPlaying: true, timestamp: 2026-05-24T14:02:50.265Z} @ http://localhost:5174/src/app/screens/ReadingScreen.tsx?t=1779631232346:410
[  513655ms] [LOG] Auto-saving position for chapter 3 : {paragraphIndex: 2, isPlaying: true, timestamp: 2026-05-24T14:02:52.264Z} @ http://localhost:5174/src/app/screens/ReadingScreen.tsx?t=1779631232346:410
[  515652ms] [LOG] Auto-saving position for chapter 3 : {paragraphIndex: 2, isPlaying: true, timestamp: 2026-05-24T14:02:54.262Z} @ http://localhost:5174/src/app/screens/ReadingScreen.tsx?t=1779631232346:410
[  517652ms] [LOG] Auto-saving position for chapter 3 : {paragraphIndex: 2, isPlaying: true, timestamp: 2026-05-24T14:02:56.262Z} @ http://localhost:5174/src/app/screens/ReadingScreen.tsx?t=1779631232346:410
[  518133ms] [LOG] Wake Lock released (page hidden) @ http://localhost:5174/src/lib/mediaService.ts:103
[  518233ms] [INFO] %cDownload the React DevTools for a better development experience: https://reactjs.org/link/react-devtools font-weight:bold @ http://localhost:5174/node_modules/.vite/deps/chunk-BH4GTE34.js?v=2e9432d4:21608
[  520593ms] TypeError: remove is not a function
    at p.remove (http://localhost:5174/node_modules/.vite/deps/chunk-ZNMTJLFV.js?v=2e9432d4:99:34)
    at http://localhost:5174/src/app/App.tsx?t=1779631232346:158:28
    at safelyCallDestroy (http://localhost:5174/node_modules/.vite/deps/chunk-BH4GTE34.js?v=2e9432d4:16796:13)
    at commitHookEffectListUnmount (http://localhost:5174/node_modules/.vite/deps/chunk-BH4GTE34.js?v=2e9432d4:16923:19)
    at commitPassiveUnmountOnFiber (http://localhost:5174/node_modules/.vite/deps/chunk-BH4GTE34.js?v=2e9432d4:18282:17)
    at commitPassiveUnmountEffects_complete (http://localhost:5174/node_modules/.vite/deps/chunk-BH4GTE34.js?v=2e9432d4:18263:15)
    at commitPassiveUnmountEffects_begin (http://localhost:5174/node_modules/.vite/deps/chunk-BH4GTE34.js?v=2e9432d4:18254:15)
    at commitPassiveUnmountEffects (http://localhost:5174/node_modules/.vite/deps/chunk-BH4GTE34.js?v=2e9432d4:18219:11)
    at flushPassiveEffectsImpl (http://localhost:5174/node_modules/.vite/deps/chunk-BH4GTE34.js?v=2e9432d4:19542:11)
    at flushPassiveEffects (http://localhost:5174/node_modules/.vite/deps/chunk-BH4GTE34.js?v=2e9432d4:19500:22)
[  523248ms] TypeError: remove is not a function
    at p.remove (http://localhost:5174/node_modules/.vite/deps/chunk-ZNMTJLFV.js?v=2e9432d4:99:34)
    at http://localhost:5174/src/app/App.tsx?t=1779631232346:158:28
    at safelyCallDestroy (http://localhost:5174/node_modules/.vite/deps/chunk-BH4GTE34.js?v=2e9432d4:16796:13)
    at commitHookEffectListUnmount (http://localhost:5174/node_modules/.vite/deps/chunk-BH4GTE34.js?v=2e9432d4:16923:19)
    at commitPassiveUnmountOnFiber (http://localhost:5174/node_modules/.vite/deps/chunk-BH4GTE34.js?v=2e9432d4:18282:17)
    at commitPassiveUnmountEffects_complete (http://localhost:5174/node_modules/.vite/deps/chunk-BH4GTE34.js?v=2e9432d4:18263:15)
    at commitPassiveUnmountEffects_begin (http://localhost:5174/node_modules/.vite/deps/chunk-BH4GTE34.js?v=2e9432d4:18254:15)
    at commitPassiveUnmountEffects (http://localhost:5174/node_modules/.vite/deps/chunk-BH4GTE34.js?v=2e9432d4:18219:11)
    at flushPassiveEffectsImpl (http://localhost:5174/node_modules/.vite/deps/chunk-BH4GTE34.js?v=2e9432d4:19542:11)
    at flushPassiveEffects (http://localhost:5174/node_modules/.vite/deps/chunk-BH4GTE34.js?v=2e9432d4:19500:22)
[  523251ms] [LOG] [Cache] Loaded chapter 3 from local cache @ http://localhost:5174/src/app/screens/ReadingScreen.tsx?t=1779631232346:631
[  523255ms] [LOG] [Cleanup] Ignored saving because position was not yet restored for chapter 3 @ http://localhost:5174/src/app/screens/ReadingScreen.tsx?t=1779631232346:420
[  523256ms] [LOG] Restoring position for chapter 3 : {paragraphIndex: 2, isPlaying: true, timestamp: 2026-05-24T14:02:56.262Z} @ http://localhost:5174/src/app/screens/ReadingScreen.tsx?t=1779631232346:585
[  523256ms] [LOG] Position restored, paragraphIndex: 2 isPlaying: true @ http://localhost:5174/src/app/screens/ReadingScreen.tsx?t=1779631232346:515
[  523256ms] [LOG] Auto-resuming from paragraph 2 @ http://localhost:5174/src/app/screens/ReadingScreen.tsx?t=1779631232346:517
[  523265ms] [LOG] [Cleanup] Final save paragraph index: 2 @ http://localhost:5174/src/app/screens/ReadingScreen.tsx?t=1779631232346:424
[  523265ms] [LOG] Cleanup: Final save for chapter 3 : {paragraphIndex: 2, isPlaying: false, timestamp: 2026-05-24T14:03:01.875Z} @ http://localhost:5174/src/app/screens/ReadingScreen.tsx?t=1779631232346:433
[  523269ms] [LOG] Wake Lock acquired @ http://localhost:5174/src/lib/mediaService.ts:98
[  523281ms] [LOG] [MediaService] Silent audio playing (keep-alive) @ http://localhost:5174/src/lib/mediaService.ts:74
[  523283ms] [ERROR] Failed to load resource: the server responded with a status of 404 (Not Found) @ http://localhost:5174/favicon.ico:0
[  523395ms] [LOG] [ReadingScreen] Initializing media session for: Chương 3: Đấu La đại lục (3) @ http://localhost:5174/src/app/screens/ReadingScreen.tsx?t=1779631232346:233
[  523395ms] [LOG] [ReadingScreen] Capacitor platform: web @ http://localhost:5174/src/app/screens/ReadingScreen.tsx?t=1779631232346:234
[  523395ms] [LOG] [ReadingScreen] Is native: false @ http://localhost:5174/src/app/screens/ReadingScreen.tsx?t=1779631232346:235
[  523395ms] [LOG] Media Session initialized: {title: Chương 3: Đấu La đại lục (3), artist: Đấu La Đại Lục} @ http://localhost:5174/src/lib/mediaService.ts:32
[  523395ms] [LOG] Media Session handlers set @ http://localhost:5174/src/lib/mediaService.ts:48
[  523396ms] [LOG] [ReadingScreen] Skipping audio service (web platform or service unavailable) @ http://localhost:5174/src/app/screens/ReadingScreen.tsx?t=1779631232346:255
[  524108ms] [LOG] Media Session initialized: {title: Chương 2: Đấu La Đại Lục (2), artist: Đấu La Đại Lục} @ http://localhost:5174/src/lib/mediaService.ts:32
[  524110ms] [LOG] [Cleanup] Ignored saving because position was not yet restored for chapter 3 @ http://localhost:5174/src/app/screens/ReadingScreen.tsx?t=1779631232346:420
[  524110ms] [LOG] [ReadingScreen] Initializing media session for: Chương 2: Đấu La Đại Lục (2) @ http://localhost:5174/src/app/screens/ReadingScreen.tsx?t=1779631232346:233
[  524110ms] [LOG] [ReadingScreen] Capacitor platform: web @ http://localhost:5174/src/app/screens/ReadingScreen.tsx?t=1779631232346:234
[  524110ms] [LOG] [ReadingScreen] Is native: false @ http://localhost:5174/src/app/screens/ReadingScreen.tsx?t=1779631232346:235
[  524110ms] [LOG] Media Session initialized: {title: Chương 2: Đấu La Đại Lục (2), artist: Đấu La Đại Lục} @ http://localhost:5174/src/lib/mediaService.ts:32
[  524110ms] [LOG] Media Session handlers set @ http://localhost:5174/src/lib/mediaService.ts:48
[  524110ms] [LOG] [ReadingScreen] Skipping audio service (web platform or service unavailable) @ http://localhost:5174/src/app/screens/ReadingScreen.tsx?t=1779631232346:255
[  524111ms] [ERROR] [SpeechSynthesis] Error for paragraph 2 : interrupted @ http://localhost:5174/src/app/screens/ReadingScreen.tsx?t=1779631232346:783
[  524113ms] [LOG] [Cache] Loaded chapter 2 from local cache @ http://localhost:5174/src/app/screens/ReadingScreen.tsx?t=1779631232346:631
[  524115ms] [LOG] [Cleanup] Ignored saving because position was not yet restored for chapter 2 @ http://localhost:5174/src/app/screens/ReadingScreen.tsx?t=1779631232346:420
[  524115ms] [LOG] [MediaService] Silent audio paused @ http://localhost:5174/src/lib/mediaService.ts:84
[  524115ms] [LOG] Restoring position for chapter 2 : {paragraphIndex: 54, isPlaying: true, timestamp: 2026-05-24T14:02:30.045Z} @ http://localhost:5174/src/app/screens/ReadingScreen.tsx?t=1779631232346:585
[  524115ms] [LOG] Position restored, paragraphIndex: 54 isPlaying: true @ http://localhost:5174/src/app/screens/ReadingScreen.tsx?t=1779631232346:515
[  524115ms] [LOG] Auto-resuming from paragraph 54 @ http://localhost:5174/src/app/screens/ReadingScreen.tsx?t=1779631232346:517
[  524117ms] [LOG] [Cleanup] Final save paragraph index: 54 @ http://localhost:5174/src/app/screens/ReadingScreen.tsx?t=1779631232346:424
[  524117ms] [LOG] Cleanup: Final save for chapter 2 : {paragraphIndex: 54, isPlaying: false, timestamp: 2026-05-24T14:03:02.727Z} @ http://localhost:5174/src/app/screens/ReadingScreen.tsx?t=1779631232346:433
[  524118ms] [LOG] Wake Lock released @ http://localhost:5174/src/lib/mediaService.ts:117
[  524123ms] [LOG] [MediaService] Silent audio playing (keep-alive) @ http://localhost:5174/src/lib/mediaService.ts:74
[  526123ms] [LOG] Auto-saving position for chapter 2 : {paragraphIndex: 54, isPlaying: true, timestamp: 2026-05-24T14:03:04.732Z} @ http://localhost:5174/src/app/screens/ReadingScreen.tsx?t=1779631232346:410
[  528120ms] [LOG] Auto-saving position for chapter 2 : {paragraphIndex: 54, isPlaying: true, timestamp: 2026-05-24T14:03:06.730Z} @ http://localhost:5174/src/app/screens/ReadingScreen.tsx?t=1779631232346:410
[  528320ms] [LOG] Media Session initialized: {title: Chương 3: Đấu La đại lục (3), artist: Đấu La Đại Lục} @ http://localhost:5174/src/lib/mediaService.ts:32
[  528321ms] [LOG] [Cleanup] Ignored saving because position was not yet restored for chapter 2 @ http://localhost:5174/src/app/screens/ReadingScreen.tsx?t=1779631232346:420
[  528322ms] [LOG] [ReadingScreen] Initializing media session for: Chương 3: Đấu La đại lục (3) @ http://localhost:5174/src/app/screens/ReadingScreen.tsx?t=1779631232346:233
[  528322ms] [LOG] [ReadingScreen] Capacitor platform: web @ http://localhost:5174/src/app/screens/ReadingScreen.tsx?t=1779631232346:234
[  528322ms] [LOG] [ReadingScreen] Is native: false @ http://localhost:5174/src/app/screens/ReadingScreen.tsx?t=1779631232346:235
[  528322ms] [LOG] Media Session initialized: {title: Chương 3: Đấu La đại lục (3), artist: Đấu La Đại Lục} @ http://localhost:5174/src/lib/mediaService.ts:32
[  528322ms] [LOG] Media Session handlers set @ http://localhost:5174/src/lib/mediaService.ts:48
[  528322ms] [LOG] [ReadingScreen] Skipping audio service (web platform or service unavailable) @ http://localhost:5174/src/app/screens/ReadingScreen.tsx?t=1779631232346:255
[  528325ms] [LOG] [Cache] Loaded chapter 3 from local cache @ http://localhost:5174/src/app/screens/ReadingScreen.tsx?t=1779631232346:631
[  528330ms] [LOG] [Cleanup] Ignored saving because position was not yet restored for chapter 3 @ http://localhost:5174/src/app/screens/ReadingScreen.tsx?t=1779631232346:420
[  528331ms] [LOG] Restoring position for chapter 3 : {paragraphIndex: 2, isPlaying: false, timestamp: 2026-05-24T14:03:01.875Z} @ http://localhost:5174/src/app/screens/ReadingScreen.tsx?t=1779631232346:585
[  528331ms] [LOG] Position restored, paragraphIndex: 2 isPlaying: false @ http://localhost:5174/src/app/screens/ReadingScreen.tsx?t=1779631232346:515
[  528338ms] [LOG] [MediaService] Silent audio playing (keep-alive) @ http://localhost:5174/src/lib/mediaService.ts:74
[  528338ms] [LOG] Wake Lock acquired @ http://localhost:5174/src/lib/mediaService.ts:98
[  528339ms] [LOG] [Cleanup] Final save paragraph index: 2 @ http://localhost:5174/src/app/screens/ReadingScreen.tsx?t=1779631232346:424
[  528339ms] [LOG] Cleanup: Final save for chapter 3 : {paragraphIndex: 2, isPlaying: true, timestamp: 2026-05-24T14:03:06.949Z} @ http://localhost:5174/src/app/screens/ReadingScreen.tsx?t=1779631232346:433
[  528340ms] [LOG] [MediaService] Silent audio playing (keep-alive) @ http://localhost:5174/src/lib/mediaService.ts:74
[  530340ms] [LOG] Auto-saving position for chapter 3 : {paragraphIndex: 2, isPlaying: true, timestamp: 2026-05-24T14:03:08.950Z} @ http://localhost:5174/src/app/screens/ReadingScreen.tsx?t=1779631232346:410
[  532352ms] [LOG] Auto-saving position for chapter 3 : {paragraphIndex: 2, isPlaying: true, timestamp: 2026-05-24T14:03:10.962Z} @ http://localhost:5174/src/app/screens/ReadingScreen.tsx?t=1779631232346:410
[  532426ms] [LOG] [Cleanup] Final save paragraph index: 2 @ http://localhost:5174/src/app/screens/ReadingScreen.tsx?t=1779631232346:424
[  532426ms] [LOG] Cleanup: Final save for chapter 3 : {paragraphIndex: 2, isPlaying: true, timestamp: 2026-05-24T14:03:11.036Z} @ http://localhost:5174/src/app/screens/ReadingScreen.tsx?t=1779631232346:433
[  532427ms] [LOG] [MediaService] Silent audio paused @ http://localhost:5174/src/lib/mediaService.ts:84
[  532427ms] [LOG] Wake Lock released @ http://localhost:5174/src/lib/mediaService.ts:117
[  534433ms] [LOG] Auto-saving position for chapter 3 : {paragraphIndex: 2, isPlaying: false, timestamp: 2026-05-24T14:03:13.043Z} @ http://localhost:5174/src/app/screens/ReadingScreen.tsx?t=1779631232346:410
[  536438ms] [LOG] Auto-saving position for chapter 3 : {paragraphIndex: 2, isPlaying: false, timestamp: 2026-05-24T14:03:15.047Z} @ http://localhost:5174/src/app/screens/ReadingScreen.tsx?t=1779631232346:410
[  538432ms] [LOG] Auto-saving position for chapter 3 : {paragraphIndex: 2, isPlaying: false, timestamp: 2026-05-24T14:03:17.041Z} @ http://localhost:5174/src/app/screens/ReadingScreen.tsx?t=1779631232346:410
[  540435ms] [LOG] Auto-saving position for chapter 3 : {paragraphIndex: 2, isPlaying: false, timestamp: 2026-05-24T14:03:19.045Z} @ http://localhost:5174/src/app/screens/ReadingScreen.tsx?t=1779631232346:410
[  542432ms] [LOG] Auto-saving position for chapter 3 : {paragraphIndex: 2, isPlaying: false, timestamp: 2026-05-24T14:03:21.041Z} @ http://localhost:5174/src/app/screens/ReadingScreen.tsx?t=1779631232346:410
[  544432ms] [LOG] Auto-saving position for chapter 3 : {paragraphIndex: 2, isPlaying: false, timestamp: 2026-05-24T14:03:23.041Z} @ http://localhost:5174/src/app/screens/ReadingScreen.tsx?t=1779631232346:410
[  546431ms] [LOG] Auto-saving position for chapter 3 : {paragraphIndex: 2, isPlaying: false, timestamp: 2026-05-24T14:03:25.041Z} @ http://localhost:5174/src/app/screens/ReadingScreen.tsx?t=1779631232346:410
[  548439ms] [LOG] Auto-saving position for chapter 3 : {paragraphIndex: 2, isPlaying: false, timestamp: 2026-05-24T14:03:27.048Z} @ http://localhost:5174/src/app/screens/ReadingScreen.tsx?t=1779631232346:410
[  550430ms] [LOG] Auto-saving position for chapter 3 : {paragraphIndex: 2, isPlaying: false, timestamp: 2026-05-24T14:03:29.039Z} @ http://localhost:5174/src/app/screens/ReadingScreen.tsx?t=1779631232346:410
[  552437ms] [LOG] Auto-saving position for chapter 3 : {paragraphIndex: 2, isPlaying: false, timestamp: 2026-05-24T14:03:31.046Z} @ http://localhost:5174/src/app/screens/ReadingScreen.tsx?t=1779631232346:410
[  554428ms] [LOG] Auto-saving position for chapter 3 : {paragraphIndex: 2, isPlaying: false, timestamp: 2026-05-24T14:03:33.038Z} @ http://localhost:5174/src/app/screens/ReadingScreen.tsx?t=1779631232346:410
[  556439ms] [LOG] Auto-saving position for chapter 3 : {paragraphIndex: 2, isPlaying: false, timestamp: 2026-05-24T14:03:35.048Z} @ http://localhost:5174/src/app/screens/ReadingScreen.tsx?t=1779631232346:410
[  558440ms] [LOG] Auto-saving position for chapter 3 : {paragraphIndex: 2, isPlaying: false, timestamp: 2026-05-24T14:03:37.050Z} @ http://localhost:5174/src/app/screens/ReadingScreen.tsx?t=1779631232346:410
[  560431ms] [LOG] Auto-saving position for chapter 3 : {paragraphIndex: 2, isPlaying: false, timestamp: 2026-05-24T14:03:39.040Z} @ http://localhost:5174/src/app/screens/ReadingScreen.tsx?t=1779631232346:410
[  562432ms] [LOG] Auto-saving position for chapter 3 : {paragraphIndex: 2, isPlaying: false, timestamp: 2026-05-24T14:03:41.041Z} @ http://localhost:5174/src/app/screens/ReadingScreen.tsx?t=1779631232346:410
[  564431ms] [LOG] Auto-saving position for chapter 3 : {paragraphIndex: 2, isPlaying: false, timestamp: 2026-05-24T14:03:43.040Z} @ http://localhost:5174/src/app/screens/ReadingScreen.tsx?t=1779631232346:410
[  566438ms] [LOG] Auto-saving position for chapter 3 : {paragraphIndex: 2, isPlaying: false, timestamp: 2026-05-24T14:03:45.047Z} @ http://localhost:5174/src/app/screens/ReadingScreen.tsx?t=1779631232346:410
[  568429ms] [LOG] Auto-saving position for chapter 3 : {paragraphIndex: 2, isPlaying: false, timestamp: 2026-05-24T14:03:47.038Z} @ http://localhost:5174/src/app/screens/ReadingScreen.tsx?t=1779631232346:410
[  570432ms] [LOG] Auto-saving position for chapter 3 : {paragraphIndex: 2, isPlaying: false, timestamp: 2026-05-24T14:03:49.041Z} @ http://localhost:5174/src/app/screens/ReadingScreen.tsx?t=1779631232346:410
[  572432ms] [LOG] Auto-saving position for chapter 3 : {paragraphIndex: 2, isPlaying: false, timestamp: 2026-05-24T14:03:51.042Z} @ http://localhost:5174/src/app/screens/ReadingScreen.tsx?t=1779631232346:410
[  574435ms] [LOG] Auto-saving position for chapter 3 : {paragraphIndex: 2, isPlaying: false, timestamp: 2026-05-24T14:03:53.045Z} @ http://localhost:5174/src/app/screens/ReadingScreen.tsx?t=1779631232346:410
[  576443ms] [LOG] Auto-saving position for chapter 3 : {paragraphIndex: 2, isPlaying: false, timestamp: 2026-05-24T14:03:55.052Z} @ http://localhost:5174/src/app/screens/ReadingScreen.tsx?t=1779631232346:410
[  578430ms] [LOG] Auto-saving position for chapter 3 : {paragraphIndex: 2, isPlaying: false, timestamp: 2026-05-24T14:03:57.039Z} @ http://localhost:5174/src/app/screens/ReadingScreen.tsx?t=1779631232346:410
[  580440ms] [LOG] Auto-saving position for chapter 3 : {paragraphIndex: 2, isPlaying: false, timestamp: 2026-05-24T14:03:59.050Z} @ http://localhost:5174/src/app/screens/ReadingScreen.tsx?t=1779631232346:410
[  582437ms] [LOG] Auto-saving position for chapter 3 : {paragraphIndex: 2, isPlaying: false, timestamp: 2026-05-24T14:04:01.047Z} @ http://localhost:5174/src/app/screens/ReadingScreen.tsx?t=1779631232346:410
[  584436ms] [LOG] Auto-saving position for chapter 3 : {paragraphIndex: 2, isPlaying: false, timestamp: 2026-05-24T14:04:03.046Z} @ http://localhost:5174/src/app/screens/ReadingScreen.tsx?t=1779631232346:410
[  586428ms] [LOG] Auto-saving position for chapter 3 : {paragraphIndex: 2, isPlaying: false, timestamp: 2026-05-24T14:04:05.037Z} @ http://localhost:5174/src/app/screens/ReadingScreen.tsx?t=1779631232346:410
[  588431ms] [LOG] Auto-saving position for chapter 3 : {paragraphIndex: 2, isPlaying: false, timestamp: 2026-05-24T14:04:07.041Z} @ http://localhost:5174/src/app/screens/ReadingScreen.tsx?t=1779631232346:410
[  590434ms] [LOG] Auto-saving position for chapter 3 : {paragraphIndex: 2, isPlaying: false, timestamp: 2026-05-24T14:04:09.043Z} @ http://localhost:5174/src/app/screens/ReadingScreen.tsx?t=1779631232346:410
[  592441ms] [LOG] Auto-saving position for chapter 3 : {paragraphIndex: 2, isPlaying: false, timestamp: 2026-05-24T14:04:11.051Z} @ http://localhost:5174/src/app/screens/ReadingScreen.tsx?t=1779631232346:410
[  594439ms] [LOG] Auto-saving position for chapter 3 : {paragraphIndex: 2, isPlaying: false, timestamp: 2026-05-24T14:04:13.049Z} @ http://localhost:5174/src/app/screens/ReadingScreen.tsx?t=1779631232346:410
[  596432ms] [LOG] Auto-saving position for chapter 3 : {paragraphIndex: 2, isPlaying: false, timestamp: 2026-05-24T14:04:15.041Z} @ http://localhost:5174/src/app/screens/ReadingScreen.tsx?t=1779631232346:410
[  598430ms] [LOG] Auto-saving position for chapter 3 : {paragraphIndex: 2, isPlaying: false, timestamp: 2026-05-24T14:04:17.039Z} @ http://localhost:5174/src/app/screens/ReadingScreen.tsx?t=1779631232346:410
[  600442ms] [LOG] Auto-saving position for chapter 3 : {paragraphIndex: 2, isPlaying: false, timestamp: 2026-05-24T14:04:19.052Z} @ http://localhost:5174/src/app/screens/ReadingScreen.tsx?t=1779631232346:410
[  602433ms] [LOG] Auto-saving position for chapter 3 : {paragraphIndex: 2, isPlaying: false, timestamp: 2026-05-24T14:04:21.043Z} @ http://localhost:5174/src/app/screens/ReadingScreen.tsx?t=1779631232346:410
[  604428ms] [LOG] Auto-saving position for chapter 3 : {paragraphIndex: 2, isPlaying: false, timestamp: 2026-05-24T14:04:23.037Z} @ http://localhost:5174/src/app/screens/ReadingScreen.tsx?t=1779631232346:410
[  606432ms] [LOG] Auto-saving position for chapter 3 : {paragraphIndex: 2, isPlaying: false, timestamp: 2026-05-24T14:04:25.041Z} @ http://localhost:5174/src/app/screens/ReadingScreen.tsx?t=1779631232346:410
[  608428ms] [LOG] Auto-saving position for chapter 3 : {paragraphIndex: 2, isPlaying: false, timestamp: 2026-05-24T14:04:27.038Z} @ http://localhost:5174/src/app/screens/ReadingScreen.tsx?t=1779631232346:410
[  610429ms] [LOG] Auto-saving position for chapter 3 : {paragraphIndex: 2, isPlaying: false, timestamp: 2026-05-24T14:04:29.038Z} @ http://localhost:5174/src/app/screens/ReadingScreen.tsx?t=1779631232346:410
[  612440ms] [LOG] Auto-saving position for chapter 3 : {paragraphIndex: 2, isPlaying: false, timestamp: 2026-05-24T14:04:31.049Z} @ http://localhost:5174/src/app/screens/ReadingScreen.tsx?t=1779631232346:410
[  614442ms] [LOG] Auto-saving position for chapter 3 : {paragraphIndex: 2, isPlaying: false, timestamp: 2026-05-24T14:04:33.052Z} @ http://localhost:5174/src/app/screens/ReadingScreen.tsx?t=1779631232346:410
[  616436ms] [LOG] Auto-saving position for chapter 3 : {paragraphIndex: 2, isPlaying: false, timestamp: 2026-05-24T14:04:35.045Z} @ http://localhost:5174/src/app/screens/ReadingScreen.tsx?t=1779631232346:410
[  618434ms] [LOG] Auto-saving position for chapter 3 : {paragraphIndex: 2, isPlaying: false, timestamp: 2026-05-24T14:04:37.043Z} @ http://localhost:5174/src/app/screens/ReadingScreen.tsx?t=1779631232346:410
[  620428ms] [LOG] Auto-saving position for chapter 3 : {paragraphIndex: 2, isPlaying: false, timestamp: 2026-05-24T14:04:39.037Z} @ http://localhost:5174/src/app/screens/ReadingScreen.tsx?t=1779631232346:410
[  622434ms] [LOG] Auto-saving position for chapter 3 : {paragraphIndex: 2, isPlaying: false, timestamp: 2026-05-24T14:04:41.044Z} @ http://localhost:5174/src/app/screens/ReadingScreen.tsx?t=1779631232346:410
[  624433ms] [LOG] Auto-saving position for chapter 3 : {paragraphIndex: 2, isPlaying: false, timestamp: 2026-05-24T14:04:43.042Z} @ http://localhost:5174/src/app/screens/ReadingScreen.tsx?t=1779631232346:410
[  626432ms] [LOG] Auto-saving position for chapter 3 : {paragraphIndex: 2, isPlaying: false, timestamp: 2026-05-24T14:04:45.041Z} @ http://localhost:5174/src/app/screens/ReadingScreen.tsx?t=1779631232346:410
[  628434ms] [LOG] Auto-saving position for chapter 3 : {paragraphIndex: 2, isPlaying: false, timestamp: 2026-05-24T14:04:47.043Z} @ http://localhost:5174/src/app/screens/ReadingScreen.tsx?t=1779631232346:410
[  630430ms] [LOG] Auto-saving position for chapter 3 : {paragraphIndex: 2, isPlaying: false, timestamp: 2026-05-24T14:04:49.040Z} @ http://localhost:5174/src/app/screens/ReadingScreen.tsx?t=1779631232346:410
[  632430ms] [LOG] Auto-saving position for chapter 3 : {paragraphIndex: 2, isPlaying: false, timestamp: 2026-05-24T14:04:51.039Z} @ http://localhost:5174/src/app/screens/ReadingScreen.tsx?t=1779631232346:410
[  634429ms] [LOG] Auto-saving position for chapter 3 : {paragraphIndex: 2, isPlaying: false, timestamp: 2026-05-24T14:04:53.038Z} @ http://localhost:5174/src/app/screens/ReadingScreen.tsx?t=1779631232346:410
[  636436ms] [LOG] Auto-saving position for chapter 3 : {paragraphIndex: 2, isPlaying: false, timestamp: 2026-05-24T14:04:55.046Z} @ http://localhost:5174/src/app/screens/ReadingScreen.tsx?t=1779631232346:410
[  638432ms] [LOG] Auto-saving position for chapter 3 : {paragraphIndex: 2, isPlaying: false, timestamp: 2026-05-24T14:04:57.041Z} @ http://localhost:5174/src/app/screens/ReadingScreen.tsx?t=1779631232346:410
[  640442ms] [LOG] Auto-saving position for chapter 3 : {paragraphIndex: 2, isPlaying: false, timestamp: 2026-05-24T14:04:59.051Z} @ http://localhost:5174/src/app/screens/ReadingScreen.tsx?t=1779631232346:410
[  642441ms] [LOG] Auto-saving position for chapter 3 : {paragraphIndex: 2, isPlaying: false, timestamp: 2026-05-24T14:05:01.050Z} @ http://localhost:5174/src/app/screens/ReadingScreen.tsx?t=1779631232346:410
[  644434ms] [LOG] Auto-saving position for chapter 3 : {paragraphIndex: 2, isPlaying: false, timestamp: 2026-05-24T14:05:03.043Z} @ http://localhost:5174/src/app/screens/ReadingScreen.tsx?t=1779631232346:410
[  646442ms] [LOG] Auto-saving position for chapter 3 : {paragraphIndex: 2, isPlaying: false, timestamp: 2026-05-24T14:05:05.051Z} @ http://localhost:5174/src/app/screens/ReadingScreen.tsx?t=1779631232346:410
[  648442ms] [LOG] Auto-saving position for chapter 3 : {paragraphIndex: 2, isPlaying: false, timestamp: 2026-05-24T14:05:07.051Z} @ http://localhost:5174/src/app/screens/ReadingScreen.tsx?t=1779631232346:410
[  650434ms] [LOG] Auto-saving position for chapter 3 : {paragraphIndex: 2, isPlaying: false, timestamp: 2026-05-24T14:05:09.044Z} @ http://localhost:5174/src/app/screens/ReadingScreen.tsx?t=1779631232346:410
[  652434ms] [LOG] Auto-saving position for chapter 3 : {paragraphIndex: 2, isPlaying: false, timestamp: 2026-05-24T14:05:11.043Z} @ http://localhost:5174/src/app/screens/ReadingScreen.tsx?t=1779631232346:410
[  654433ms] [LOG] Auto-saving position for chapter 3 : {paragraphIndex: 2, isPlaying: false, timestamp: 2026-05-24T14:05:13.043Z} @ http://localhost:5174/src/app/screens/ReadingScreen.tsx?t=1779631232346:410
[  656442ms] [LOG] Auto-saving position for chapter 3 : {paragraphIndex: 2, isPlaying: false, timestamp: 2026-05-24T14:05:15.051Z} @ http://localhost:5174/src/app/screens/ReadingScreen.tsx?t=1779631232346:410
[  658435ms] [LOG] Auto-saving position for chapter 3 : {paragraphIndex: 2, isPlaying: false, timestamp: 2026-05-24T14:05:17.045Z} @ http://localhost:5174/src/app/screens/ReadingScreen.tsx?t=1779631232346:410
[  660430ms] [LOG] Auto-saving position for chapter 3 : {paragraphIndex: 2, isPlaying: false, timestamp: 2026-05-24T14:05:19.040Z} @ http://localhost:5174/src/app/screens/ReadingScreen.tsx?t=1779631232346:410
[  662431ms] [LOG] Auto-saving position for chapter 3 : {paragraphIndex: 2, isPlaying: false, timestamp: 2026-05-24T14:05:21.040Z} @ http://localhost:5174/src/app/screens/ReadingScreen.tsx?t=1779631232346:410
[  664435ms] [LOG] Auto-saving position for chapter 3 : {paragraphIndex: 2, isPlaying: false, timestamp: 2026-05-24T14:05:23.045Z} @ http://localhost:5174/src/app/screens/ReadingScreen.tsx?t=1779631232346:410
[  666428ms] [LOG] Auto-saving position for chapter 3 : {paragraphIndex: 2, isPlaying: false, timestamp: 2026-05-24T14:05:25.038Z} @ http://localhost:5174/src/app/screens/ReadingScreen.tsx?t=1779631232346:410
[  668437ms] [LOG] Auto-saving position for chapter 3 : {paragraphIndex: 2, isPlaying: false, timestamp: 2026-05-24T14:05:27.046Z} @ http://localhost:5174/src/app/screens/ReadingScreen.tsx?t=1779631232346:410
[  670433ms] [LOG] Auto-saving position for chapter 3 : {paragraphIndex: 2, isPlaying: false, timestamp: 2026-05-24T14:05:29.042Z} @ http://localhost:5174/src/app/screens/ReadingScreen.tsx?t=1779631232346:410
[  672433ms] [LOG] Auto-saving position for chapter 3 : {paragraphIndex: 2, isPlaying: false, timestamp: 2026-05-24T14:05:31.043Z} @ http://localhost:5174/src/app/screens/ReadingScreen.tsx?t=1779631232346:410
[  674442ms] [LOG] Auto-saving position for chapter 3 : {paragraphIndex: 2, isPlaying: false, timestamp: 2026-05-24T14:05:33.051Z} @ http://localhost:5174/src/app/screens/ReadingScreen.tsx?t=1779631232346:410
[  676432ms] [LOG] Auto-saving position for chapter 3 : {paragraphIndex: 2, isPlaying: false, timestamp: 2026-05-24T14:05:35.041Z} @ http://localhost:5174/src/app/screens/ReadingScreen.tsx?t=1779631232346:410
[  678427ms] [LOG] Auto-saving position for chapter 3 : {paragraphIndex: 2, isPlaying: false, timestamp: 2026-05-24T14:05:37.037Z} @ http://localhost:5174/src/app/screens/ReadingScreen.tsx?t=1779631232346:410
[  680438ms] [LOG] Auto-saving position for chapter 3 : {paragraphIndex: 2, isPlaying: false, timestamp: 2026-05-24T14:05:39.047Z} @ http://localhost:5174/src/app/screens/ReadingScreen.tsx?t=1779631232346:410
[  682429ms] [LOG] Auto-saving position for chapter 3 : {paragraphIndex: 2, isPlaying: false, timestamp: 2026-05-24T14:05:41.039Z} @ http://localhost:5174/src/app/screens/ReadingScreen.tsx?t=1779631232346:410
[  684428ms] [LOG] Auto-saving position for chapter 3 : {paragraphIndex: 2, isPlaying: false, timestamp: 2026-05-24T14:05:43.037Z} @ http://localhost:5174/src/app/screens/ReadingScreen.tsx?t=1779631232346:410
[  686430ms] [LOG] Auto-saving position for chapter 3 : {paragraphIndex: 2, isPlaying: false, timestamp: 2026-05-24T14:05:45.040Z} @ http://localhost:5174/src/app/screens/ReadingScreen.tsx?t=1779631232346:410
[  688439ms] [LOG] Auto-saving position for chapter 3 : {paragraphIndex: 2, isPlaying: false, timestamp: 2026-05-24T14:05:47.049Z} @ http://localhost:5174/src/app/screens/ReadingScreen.tsx?t=1779631232346:410
[  690438ms] [LOG] Auto-saving position for chapter 3 : {paragraphIndex: 2, isPlaying: false, timestamp: 2026-05-24T14:05:49.048Z} @ http://localhost:5174/src/app/screens/ReadingScreen.tsx?t=1779631232346:410
[  692440ms] [LOG] Auto-saving position for chapter 3 : {paragraphIndex: 2, isPlaying: false, timestamp: 2026-05-24T14:05:51.050Z} @ http://localhost:5174/src/app/screens/ReadingScreen.tsx?t=1779631232346:410
[  694438ms] [LOG] Auto-saving position for chapter 3 : {paragraphIndex: 2, isPlaying: false, timestamp: 2026-05-24T14:05:53.047Z} @ http://localhost:5174/src/app/screens/ReadingScreen.tsx?t=1779631232346:410
[  696435ms] [LOG] Auto-saving position for chapter 3 : {paragraphIndex: 2, isPlaying: false, timestamp: 2026-05-24T14:05:55.044Z} @ http://localhost:5174/src/app/screens/ReadingScreen.tsx?t=1779631232346:410
[  698430ms] [LOG] Auto-saving position for chapter 3 : {paragraphIndex: 2, isPlaying: false, timestamp: 2026-05-24T14:05:57.039Z} @ http://localhost:5174/src/app/screens/ReadingScreen.tsx?t=1779631232346:410
[  700442ms] [LOG] Auto-saving position for chapter 3 : {paragraphIndex: 2, isPlaying: false, timestamp: 2026-05-24T14:05:59.052Z} @ http://localhost:5174/src/app/screens/ReadingScreen.tsx?t=1779631232346:410
[  702437ms] [LOG] Auto-saving position for chapter 3 : {paragraphIndex: 2, isPlaying: false, timestamp: 2026-05-24T14:06:01.047Z} @ http://localhost:5174/src/app/screens/ReadingScreen.tsx?t=1779631232346:410
[  704435ms] [LOG] Auto-saving position for chapter 3 : {paragraphIndex: 2, isPlaying: false, timestamp: 2026-05-24T14:06:03.045Z} @ http://localhost:5174/src/app/screens/ReadingScreen.tsx?t=1779631232346:410
[  706433ms] [LOG] Auto-saving position for chapter 3 : {paragraphIndex: 2, isPlaying: false, timestamp: 2026-05-24T14:06:05.042Z} @ http://localhost:5174/src/app/screens/ReadingScreen.tsx?t=1779631232346:410
[  708433ms] [LOG] Auto-saving position for chapter 3 : {paragraphIndex: 2, isPlaying: false, timestamp: 2026-05-24T14:06:07.043Z} @ http://localhost:5174/src/app/screens/ReadingScreen.tsx?t=1779631232346:410
[  710442ms] [LOG] Auto-saving position for chapter 3 : {paragraphIndex: 2, isPlaying: false, timestamp: 2026-05-24T14:06:09.052Z} @ http://localhost:5174/src/app/screens/ReadingScreen.tsx?t=1779631232346:410
[  712429ms] [LOG] Auto-saving position for chapter 3 : {paragraphIndex: 2, isPlaying: false, timestamp: 2026-05-24T14:06:11.039Z} @ http://localhost:5174/src/app/screens/ReadingScreen.tsx?t=1779631232346:410
[  714438ms] [LOG] Auto-saving position for chapter 3 : {paragraphIndex: 2, isPlaying: false, timestamp: 2026-05-24T14:06:13.047Z} @ http://localhost:5174/src/app/screens/ReadingScreen.tsx?t=1779631232346:410
[  716429ms] [LOG] Auto-saving position for chapter 3 : {paragraphIndex: 2, isPlaying: false, timestamp: 2026-05-24T14:06:15.038Z} @ http://localhost:5174/src/app/screens/ReadingScreen.tsx?t=1779631232346:410
[  718430ms] [LOG] Auto-saving position for chapter 3 : {paragraphIndex: 2, isPlaying: false, timestamp: 2026-05-24T14:06:17.040Z} @ http://localhost:5174/src/app/screens/ReadingScreen.tsx?t=1779631232346:410
[  720432ms] [LOG] Auto-saving position for chapter 3 : {paragraphIndex: 2, isPlaying: false, timestamp: 2026-05-24T14:06:19.042Z} @ http://localhost:5174/src/app/screens/ReadingScreen.tsx?t=1779631232346:410
[  722436ms] [LOG] Auto-saving position for chapter 3 : {paragraphIndex: 2, isPlaying: false, timestamp: 2026-05-24T14:06:21.045Z} @ http://localhost:5174/src/app/screens/ReadingScreen.tsx?t=1779631232346:410
[  724441ms] [LOG] Auto-saving position for chapter 3 : {paragraphIndex: 2, isPlaying: false, timestamp: 2026-05-24T14:06:23.051Z} @ http://localhost:5174/src/app/screens/ReadingScreen.tsx?t=1779631232346:410
[  726428ms] [LOG] Auto-saving position for chapter 3 : {paragraphIndex: 2, isPlaying: false, timestamp: 2026-05-24T14:06:25.038Z} @ http://localhost:5174/src/app/screens/ReadingScreen.tsx?t=1779631232346:410
[  728439ms] [LOG] Auto-saving position for chapter 3 : {paragraphIndex: 2, isPlaying: false, timestamp: 2026-05-24T14:06:27.048Z} @ http://localhost:5174/src/app/screens/ReadingScreen.tsx?t=1779631232346:410
[  730438ms] [LOG] Auto-saving position for chapter 3 : {paragraphIndex: 2, isPlaying: false, timestamp: 2026-05-24T14:06:29.047Z} @ http://localhost:5174/src/app/screens/ReadingScreen.tsx?t=1779631232346:410
[  732429ms] [LOG] Auto-saving position for chapter 3 : {paragraphIndex: 2, isPlaying: false, timestamp: 2026-05-24T14:06:31.039Z} @ http://localhost:5174/src/app/screens/ReadingScreen.tsx?t=1779631232346:410
[  734441ms] [LOG] Auto-saving position for chapter 3 : {paragraphIndex: 2, isPlaying: false, timestamp: 2026-05-24T14:06:33.051Z} @ http://localhost:5174/src/app/screens/ReadingScreen.tsx?t=1779631232346:410
[  735944ms] [LOG] [MediaService] Silent audio paused @ http://localhost:5174/src/lib/mediaService.ts:84
[  735944ms] [LOG] [Cleanup] Final save paragraph index: 2 @ http://localhost:5174/src/app/screens/ReadingScreen.tsx?t=1779631232346:424
[  735945ms] [LOG] Cleanup: Final save for chapter 3 : {paragraphIndex: 2, isPlaying: false, timestamp: 2026-05-24T14:06:34.554Z} @ http://localhost:5174/src/app/screens/ReadingScreen.tsx?t=1779631232346:433
[  735961ms] [LOG] [Cache] Loaded chapter 3 from local cache @ http://localhost:5174/src/app/screens/ReadingScreen.tsx?t=1779631594275:632
[  735966ms] [LOG] [Cleanup] Ignored saving because position was not yet restored for chapter 3 @ http://localhost:5174/src/app/screens/ReadingScreen.tsx?t=1779631594275:421
[  735966ms] [LOG] [MediaService] Silent audio paused @ http://localhost:5174/src/lib/mediaService.ts:84
[  735967ms] [LOG] Restoring position for chapter 3 : {paragraphIndex: 2, isPlaying: false, timestamp: 2026-05-24T14:06:34.554Z} @ http://localhost:5174/src/app/screens/ReadingScreen.tsx?t=1779631594275:586
[  735967ms] [LOG] Position restored, paragraphIndex: 2 isPlaying: false @ http://localhost:5174/src/app/screens/ReadingScreen.tsx?t=1779631594275:516
[  735988ms] [LOG] [Cleanup] Final save paragraph index: 2 @ http://localhost:5174/src/app/screens/ReadingScreen.tsx?t=1779631594275:425
[  735988ms] [LOG] Cleanup: Final save for chapter 3 : {paragraphIndex: 2, isPlaying: false, timestamp: 2026-05-24T14:06:34.598Z} @ http://localhost:5174/src/app/screens/ReadingScreen.tsx?t=1779631594275:434
[  735989ms] [LOG] [MediaService] Silent audio paused @ http://localhost:5174/src/lib/mediaService.ts:84
[  736942ms] [LOG] [ReadingScreen] Initializing media session for: Chương 3: Đấu La đại lục (3) @ http://localhost:5174/src/app/screens/ReadingScreen.tsx?t=1779631594275:234
[  736943ms] [LOG] [ReadingScreen] Capacitor platform: web @ http://localhost:5174/src/app/screens/ReadingScreen.tsx?t=1779631594275:235
[  736943ms] [LOG] [ReadingScreen] Is native: false @ http://localhost:5174/src/app/screens/ReadingScreen.tsx?t=1779631594275:236
[  736943ms] [LOG] Media Session initialized: {title: Chương 3: Đấu La đại lục (3), artist: Đấu La Đại Lục} @ http://localhost:5174/src/lib/mediaService.ts:32
[  736943ms] [LOG] Media Session handlers set @ http://localhost:5174/src/lib/mediaService.ts:48
[  736943ms] [LOG] [ReadingScreen] Skipping audio service (web platform or service unavailable) @ http://localhost:5174/src/app/screens/ReadingScreen.tsx?t=1779631594275:256
[  738000ms] [LOG] Auto-saving position for chapter 3 : {paragraphIndex: 2, isPlaying: false, timestamp: 2026-05-24T14:06:36.610Z} @ http://localhost:5174/src/app/screens/ReadingScreen.tsx?t=1779631594275:411
[  739998ms] [LOG] Auto-saving position for chapter 3 : {paragraphIndex: 2, isPlaying: false, timestamp: 2026-05-24T14:06:38.607Z} @ http://localhost:5174/src/app/screens/ReadingScreen.tsx?t=1779631594275:411
[  740674ms] [LOG] [MediaService] Silent audio paused @ http://localhost:5174/src/lib/mediaService.ts:84
[  740674ms] [LOG] [Cleanup] Final save paragraph index: 2 @ http://localhost:5174/src/app/screens/ReadingScreen.tsx?t=1779631594275:425
[  740674ms] [LOG] Cleanup: Final save for chapter 3 : {paragraphIndex: 2, isPlaying: false, timestamp: 2026-05-24T14:06:39.283Z} @ http://localhost:5174/src/app/screens/ReadingScreen.tsx?t=1779631594275:434
[  740675ms] [LOG] [ReadingScreen] Initializing media session for: Chương 3: Đấu La đại lục (3) @ http://localhost:5174/src/app/screens/ReadingScreen.tsx?t=1779631599104:234
[  740675ms] [LOG] [ReadingScreen] Capacitor platform: web @ http://localhost:5174/src/app/screens/ReadingScreen.tsx?t=1779631599104:235
[  740675ms] [LOG] [ReadingScreen] Is native: false @ http://localhost:5174/src/app/screens/ReadingScreen.tsx?t=1779631599104:236
[  740675ms] [LOG] Media Session initialized: {title: Chương 3: Đấu La đại lục (3), artist: Đấu La Đại Lục} @ http://localhost:5174/src/lib/mediaService.ts:32
[  740675ms] [LOG] Media Session handlers set @ http://localhost:5174/src/lib/mediaService.ts:48
[  740675ms] [LOG] [ReadingScreen] Skipping audio service (web platform or service unavailable) @ http://localhost:5174/src/app/screens/ReadingScreen.tsx?t=1779631599104:256
[  740676ms] [LOG] [MediaService] Silent audio paused @ http://localhost:5174/src/lib/mediaService.ts:84
[  740677ms] [LOG] Restoring position for chapter 3 : {paragraphIndex: 2, isPlaying: false, timestamp: 2026-05-24T14:06:39.283Z} @ http://localhost:5174/src/app/screens/ReadingScreen.tsx?t=1779631599104:586
[  740678ms] [LOG] Position restored, paragraphIndex: 2 isPlaying: false @ http://localhost:5174/src/app/screens/ReadingScreen.tsx?t=1779631599104:516
[  740684ms] [LOG] [Cache] Loaded chapter 3 from local cache @ http://localhost:5174/src/app/screens/ReadingScreen.tsx?t=1779631599104:632
[  740687ms] [LOG] [Cleanup] Final save paragraph index: 2 @ http://localhost:5174/src/app/screens/ReadingScreen.tsx?t=1779631599104:425
[  740687ms] [LOG] Cleanup: Final save for chapter 3 : {paragraphIndex: 2, isPlaying: false, timestamp: 2026-05-24T14:06:39.297Z} @ http://localhost:5174/src/app/screens/ReadingScreen.tsx?t=1779631599104:434
[  740688ms] [LOG] [MediaService] Silent audio paused @ http://localhost:5174/src/lib/mediaService.ts:84
[  740688ms] [LOG] Restoring position for chapter 3 : {paragraphIndex: 2, isPlaying: false, timestamp: 2026-05-24T14:06:39.297Z} @ http://localhost:5174/src/app/screens/ReadingScreen.tsx?t=1779631599104:586
[  740688ms] [LOG] Position restored, paragraphIndex: 2 isPlaying: false @ http://localhost:5174/src/app/screens/ReadingScreen.tsx?t=1779631599104:516
[  740772ms] [LOG] [ReadingScreen] Initializing media session for: Chương 3: Đấu La đại lục (3) @ http://localhost:5174/src/app/screens/ReadingScreen.tsx?t=1779631599104:234
[  740772ms] [LOG] [ReadingScreen] Capacitor platform: web @ http://localhost:5174/src/app/screens/ReadingScreen.tsx?t=1779631599104:235
[  740772ms] [LOG] [ReadingScreen] Is native: false @ http://localhost:5174/src/app/screens/ReadingScreen.tsx?t=1779631599104:236
[  740773ms] [LOG] Media Session initialized: {title: Chương 3: Đấu La đại lục (3), artist: Đấu La Đại Lục} @ http://localhost:5174/src/lib/mediaService.ts:32
[  740773ms] [LOG] Media Session handlers set @ http://localhost:5174/src/lib/mediaService.ts:48
[  740773ms] [LOG] [ReadingScreen] Skipping audio service (web platform or service unavailable) @ http://localhost:5174/src/app/screens/ReadingScreen.tsx?t=1779631599104:256
[  742691ms] [LOG] Auto-saving position for chapter 3 : {paragraphIndex: 2, isPlaying: false, timestamp: 2026-05-24T14:06:41.300Z} @ http://localhost:5174/src/app/screens/ReadingScreen.tsx?t=1779631599104:411
[  744699ms] [LOG] Auto-saving position for chapter 3 : {paragraphIndex: 2, isPlaying: false, timestamp: 2026-05-24T14:06:43.309Z} @ http://localhost:5174/src/app/screens/ReadingScreen.tsx?t=1779631599104:411
[  745705ms] [LOG] [MediaService] Silent audio paused @ http://localhost:5174/src/lib/mediaService.ts:84
[  745705ms] [LOG] [Cleanup] Final save paragraph index: 2 @ http://localhost:5174/src/app/screens/ReadingScreen.tsx?t=1779631599104:425
[  745705ms] [LOG] Cleanup: Final save for chapter 3 : {paragraphIndex: 2, isPlaying: false, timestamp: 2026-05-24T14:06:44.314Z} @ http://localhost:5174/src/app/screens/ReadingScreen.tsx?t=1779631599104:434
[  745706ms] [LOG] [ReadingScreen] Initializing media session for: Chương 3: Đấu La đại lục (3) @ http://localhost:5174/src/app/screens/ReadingScreen.tsx?t=1779631604129:234
[  745706ms] [LOG] [ReadingScreen] Capacitor platform: web @ http://localhost:5174/src/app/screens/ReadingScreen.tsx?t=1779631604129:235
[  745706ms] [LOG] [ReadingScreen] Is native: false @ http://localhost:5174/src/app/screens/ReadingScreen.tsx?t=1779631604129:236
[  745706ms] [LOG] Media Session initialized: {title: Chương 3: Đấu La đại lục (3), artist: Đấu La Đại Lục} @ http://localhost:5174/src/lib/mediaService.ts:32
[  745706ms] [LOG] Media Session handlers set @ http://localhost:5174/src/lib/mediaService.ts:48
[  745706ms] [LOG] [ReadingScreen] Skipping audio service (web platform or service unavailable) @ http://localhost:5174/src/app/screens/ReadingScreen.tsx?t=1779631604129:256
[  745707ms] [LOG] [MediaService] Silent audio paused @ http://localhost:5174/src/lib/mediaService.ts:84
[  745708ms] [LOG] Restoring position for chapter 3 : {paragraphIndex: 2, isPlaying: false, timestamp: 2026-05-24T14:06:44.314Z} @ http://localhost:5174/src/app/screens/ReadingScreen.tsx?t=1779631604129:587
[  745708ms] [LOG] Position restored, paragraphIndex: 2 isPlaying: false @ http://localhost:5174/src/app/screens/ReadingScreen.tsx?t=1779631604129:516
[  745716ms] [LOG] [Cache] Loaded chapter 3 from local cache @ http://localhost:5174/src/app/screens/ReadingScreen.tsx?t=1779631604129:633
[  745719ms] [LOG] [Cleanup] Final save paragraph index: 2 @ http://localhost:5174/src/app/screens/ReadingScreen.tsx?t=1779631604129:425
[  745719ms] [LOG] Cleanup: Final save for chapter 3 : {paragraphIndex: 2, isPlaying: false, timestamp: 2026-05-24T14:06:44.329Z} @ http://localhost:5174/src/app/screens/ReadingScreen.tsx?t=1779631604129:434
[  745720ms] [LOG] [MediaService] Silent audio paused @ http://localhost:5174/src/lib/mediaService.ts:84
[  745720ms] [LOG] Restoring position for chapter 3 : {paragraphIndex: 2, isPlaying: false, timestamp: 2026-05-24T14:06:44.329Z} @ http://localhost:5174/src/app/screens/ReadingScreen.tsx?t=1779631604129:587
[  745720ms] [LOG] Position restored, paragraphIndex: 2 isPlaying: false @ http://localhost:5174/src/app/screens/ReadingScreen.tsx?t=1779631604129:516
[  745809ms] [LOG] [ReadingScreen] Initializing media session for: Chương 3: Đấu La đại lục (3) @ http://localhost:5174/src/app/screens/ReadingScreen.tsx?t=1779631604129:234
[  745809ms] [LOG] [ReadingScreen] Capacitor platform: web @ http://localhost:5174/src/app/screens/ReadingScreen.tsx?t=1779631604129:235
[  745810ms] [LOG] [ReadingScreen] Is native: false @ http://localhost:5174/src/app/screens/ReadingScreen.tsx?t=1779631604129:236
[  745810ms] [LOG] Media Session initialized: {title: Chương 3: Đấu La đại lục (3), artist: Đấu La Đại Lục} @ http://localhost:5174/src/lib/mediaService.ts:32
[  745810ms] [LOG] Media Session handlers set @ http://localhost:5174/src/lib/mediaService.ts:48
[  745810ms] [LOG] [ReadingScreen] Skipping audio service (web platform or service unavailable) @ http://localhost:5174/src/app/screens/ReadingScreen.tsx?t=1779631604129:256
[  747721ms] [LOG] Auto-saving position for chapter 3 : {paragraphIndex: 2, isPlaying: false, timestamp: 2026-05-24T14:06:46.330Z} @ http://localhost:5174/src/app/screens/ReadingScreen.tsx?t=1779631604129:411
[  749729ms] [LOG] Auto-saving position for chapter 3 : {paragraphIndex: 2, isPlaying: false, timestamp: 2026-05-24T14:06:48.338Z} @ http://localhost:5174/src/app/screens/ReadingScreen.tsx?t=1779631604129:411
[  751008ms] [LOG] [MediaService] Silent audio paused @ http://localhost:5174/src/lib/mediaService.ts:84
[  751008ms] [LOG] [Cleanup] Final save paragraph index: 2 @ http://localhost:5174/src/app/screens/ReadingScreen.tsx?t=1779631604129:425
[  751008ms] [LOG] Cleanup: Final save for chapter 3 : {paragraphIndex: 2, isPlaying: false, timestamp: 2026-05-24T14:06:49.618Z} @ http://localhost:5174/src/app/screens/ReadingScreen.tsx?t=1779631604129:434
[  751009ms] [LOG] [ReadingScreen] Initializing media session for: Chương 3: Đấu La đại lục (3) @ http://localhost:5174/src/app/screens/ReadingScreen.tsx?t=1779631609435:234
[  751010ms] [LOG] [ReadingScreen] Capacitor platform: web @ http://localhost:5174/src/app/screens/ReadingScreen.tsx?t=1779631609435:235
[  751010ms] [LOG] [ReadingScreen] Is native: false @ http://localhost:5174/src/app/screens/ReadingScreen.tsx?t=1779631609435:236
[  751010ms] [LOG] Media Session initialized: {title: Chương 3: Đấu La đại lục (3), artist: Đấu La Đại Lục} @ http://localhost:5174/src/lib/mediaService.ts:32
[  751010ms] [LOG] Media Session handlers set @ http://localhost:5174/src/lib/mediaService.ts:48
[  751010ms] [LOG] [ReadingScreen] Skipping audio service (web platform or service unavailable) @ http://localhost:5174/src/app/screens/ReadingScreen.tsx?t=1779631609435:256
[  751010ms] [LOG] [MediaService] Silent audio paused @ http://localhost:5174/src/lib/mediaService.ts:84
[  751012ms] [LOG] Restoring position for chapter 3 : {paragraphIndex: 2, isPlaying: false, timestamp: 2026-05-24T14:06:49.618Z} @ http://localhost:5174/src/app/screens/ReadingScreen.tsx?t=1779631609435:588
[  751013ms] [LOG] Position restored, paragraphIndex: 2 isPlaying: false @ http://localhost:5174/src/app/screens/ReadingScreen.tsx?t=1779631609435:516
[  751019ms] [LOG] [Cache] Loaded chapter 3 from local cache @ http://localhost:5174/src/app/screens/ReadingScreen.tsx?t=1779631609435:634
[  751023ms] [LOG] [Cleanup] Final save paragraph index: 2 @ http://localhost:5174/src/app/screens/ReadingScreen.tsx?t=1779631609435:425
[  751023ms] [LOG] Cleanup: Final save for chapter 3 : {paragraphIndex: 2, isPlaying: false, timestamp: 2026-05-24T14:06:49.633Z} @ http://localhost:5174/src/app/screens/ReadingScreen.tsx?t=1779631609435:434
[  751024ms] [LOG] [MediaService] Silent audio paused @ http://localhost:5174/src/lib/mediaService.ts:84
[  751024ms] [LOG] Restoring position for chapter 3 : {paragraphIndex: 2, isPlaying: false, timestamp: 2026-05-24T14:06:49.633Z} @ http://localhost:5174/src/app/screens/ReadingScreen.tsx?t=1779631609435:588
[  751024ms] [LOG] Position restored, paragraphIndex: 2 isPlaying: false @ http://localhost:5174/src/app/screens/ReadingScreen.tsx?t=1779631609435:516
[  751107ms] [LOG] [ReadingScreen] Initializing media session for: Chương 3: Đấu La đại lục (3) @ http://localhost:5174/src/app/screens/ReadingScreen.tsx?t=1779631609435:234
[  751107ms] [LOG] [ReadingScreen] Capacitor platform: web @ http://localhost:5174/src/app/screens/ReadingScreen.tsx?t=1779631609435:235
[  751108ms] [LOG] [ReadingScreen] Is native: false @ http://localhost:5174/src/app/screens/ReadingScreen.tsx?t=1779631609435:236
[  751108ms] [LOG] Media Session initialized: {title: Chương 3: Đấu La đại lục (3), artist: Đấu La Đại Lục} @ http://localhost:5174/src/lib/mediaService.ts:32
[  751108ms] [LOG] Media Session handlers set @ http://localhost:5174/src/lib/mediaService.ts:48
[  751108ms] [LOG] [ReadingScreen] Skipping audio service (web platform or service unavailable) @ http://localhost:5174/src/app/screens/ReadingScreen.tsx?t=1779631609435:256
[  753034ms] [LOG] Auto-saving position for chapter 3 : {paragraphIndex: 2, isPlaying: false, timestamp: 2026-05-24T14:06:51.643Z} @ http://localhost:5174/src/app/screens/ReadingScreen.tsx?t=1779631609435:411
[  755034ms] [LOG] Auto-saving position for chapter 3 : {paragraphIndex: 2, isPlaying: false, timestamp: 2026-05-24T14:06:53.644Z} @ http://localhost:5174/src/app/screens/ReadingScreen.tsx?t=1779631609435:411
[  755737ms] [LOG] [MediaService] Silent audio paused @ http://localhost:5174/src/lib/mediaService.ts:84
[  755737ms] [LOG] [Cleanup] Final save paragraph index: 2 @ http://localhost:5174/src/app/screens/ReadingScreen.tsx?t=1779631609435:425
[  755737ms] [LOG] Cleanup: Final save for chapter 3 : {paragraphIndex: 2, isPlaying: false, timestamp: 2026-05-24T14:06:54.347Z} @ http://localhost:5174/src/app/screens/ReadingScreen.tsx?t=1779631609435:434
[  755738ms] [LOG] [ReadingScreen] Initializing media session for: Chương 3: Đấu La đại lục (3) @ http://localhost:5174/src/app/screens/ReadingScreen.tsx?t=1779631614210:234
[  755738ms] [LOG] [ReadingScreen] Capacitor platform: web @ http://localhost:5174/src/app/screens/ReadingScreen.tsx?t=1779631614210:235
[  755738ms] [LOG] [ReadingScreen] Is native: false @ http://localhost:5174/src/app/screens/ReadingScreen.tsx?t=1779631614210:236
[  755738ms] [LOG] Media Session initialized: {title: Chương 3: Đấu La đại lục (3), artist: Đấu La Đại Lục} @ http://localhost:5174/src/lib/mediaService.ts:32
[  755738ms] [LOG] Media Session handlers set @ http://localhost:5174/src/lib/mediaService.ts:48
[  755738ms] [LOG] [ReadingScreen] Skipping audio service (web platform or service unavailable) @ http://localhost:5174/src/app/screens/ReadingScreen.tsx?t=1779631614210:256
[  755738ms] [LOG] [MediaService] Silent audio paused @ http://localhost:5174/src/lib/mediaService.ts:84
[  755740ms] [LOG] Restoring position for chapter 3 : {paragraphIndex: 2, isPlaying: false, timestamp: 2026-05-24T14:06:54.347Z} @ http://localhost:5174/src/app/screens/ReadingScreen.tsx?t=1779631614210:588
[  755740ms] [LOG] Position restored, paragraphIndex: 2 isPlaying: false @ http://localhost:5174/src/app/screens/ReadingScreen.tsx?t=1779631614210:516
[  755744ms] [LOG] [Cache] Loaded chapter 3 from local cache @ http://localhost:5174/src/app/screens/ReadingScreen.tsx?t=1779631614210:634
[  755746ms] [LOG] [Cleanup] Final save paragraph index: 2 @ http://localhost:5174/src/app/screens/ReadingScreen.tsx?t=1779631614210:425
[  755746ms] [LOG] Cleanup: Final save for chapter 3 : {paragraphIndex: 2, isPlaying: false, timestamp: 2026-05-24T14:06:54.356Z} @ http://localhost:5174/src/app/screens/ReadingScreen.tsx?t=1779631614210:434
[  755747ms] [LOG] [MediaService] Silent audio paused @ http://localhost:5174/src/lib/mediaService.ts:84
[  755747ms] [LOG] Restoring position for chapter 3 : {paragraphIndex: 2, isPlaying: false, timestamp: 2026-05-24T14:06:54.356Z} @ http://localhost:5174/src/app/screens/ReadingScreen.tsx?t=1779631614210:588
[  755747ms] [LOG] Position restored, paragraphIndex: 2 isPlaying: false @ http://localhost:5174/src/app/screens/ReadingScreen.tsx?t=1779631614210:516
[  755825ms] [LOG] [ReadingScreen] Initializing media session for: Chương 3: Đấu La đại lục (3) @ http://localhost:5174/src/app/screens/ReadingScreen.tsx?t=1779631614210:234
[  755825ms] [LOG] [ReadingScreen] Capacitor platform: web @ http://localhost:5174/src/app/screens/ReadingScreen.tsx?t=1779631614210:235
[  755825ms] [LOG] [ReadingScreen] Is native: false @ http://localhost:5174/src/app/screens/ReadingScreen.tsx?t=1779631614210:236
[  755825ms] [LOG] Media Session initialized: {title: Chương 3: Đấu La đại lục (3), artist: Đấu La Đại Lục} @ http://localhost:5174/src/lib/mediaService.ts:32
[  755825ms] [LOG] Media Session handlers set @ http://localhost:5174/src/lib/mediaService.ts:48
[  755825ms] [LOG] [ReadingScreen] Skipping audio service (web platform or service unavailable) @ http://localhost:5174/src/app/screens/ReadingScreen.tsx?t=1779631614210:256
[  757761ms] [LOG] Auto-saving position for chapter 3 : {paragraphIndex: 2, isPlaying: false, timestamp: 2026-05-24T14:06:56.370Z} @ http://localhost:5174/src/app/screens/ReadingScreen.tsx?t=1779631614210:411
[  759758ms] [LOG] Auto-saving position for chapter 3 : {paragraphIndex: 2, isPlaying: false, timestamp: 2026-05-24T14:06:58.367Z} @ http://localhost:5174/src/app/screens/ReadingScreen.tsx?t=1779631614210:411
[  759999ms] [LOG] [MediaService] Silent audio paused @ http://localhost:5174/src/lib/mediaService.ts:84
[  759999ms] [LOG] [Cleanup] Final save paragraph index: 2 @ http://localhost:5174/src/app/screens/ReadingScreen.tsx?t=1779631614210:425
[  759999ms] [LOG] Cleanup: Final save for chapter 3 : {paragraphIndex: 2, isPlaying: false, timestamp: 2026-05-24T14:06:58.609Z} @ http://localhost:5174/src/app/screens/ReadingScreen.tsx?t=1779631614210:434
[  760000ms] [LOG] [ReadingScreen] Initializing media session for: Chương 3: Đấu La đại lục (3) @ http://localhost:5174/src/app/screens/ReadingScreen.tsx?t=1779631618460:234
[  760000ms] [LOG] [ReadingScreen] Capacitor platform: web @ http://localhost:5174/src/app/screens/ReadingScreen.tsx?t=1779631618460:235
[  760000ms] [LOG] [ReadingScreen] Is native: false @ http://localhost:5174/src/app/screens/ReadingScreen.tsx?t=1779631618460:236
[  760000ms] [LOG] Media Session initialized: {title: Chương 3: Đấu La đại lục (3), artist: Đấu La Đại Lục} @ http://localhost:5174/src/lib/mediaService.ts:32
[  760000ms] [LOG] Media Session handlers set @ http://localhost:5174/src/lib/mediaService.ts:48
[  760000ms] [LOG] [ReadingScreen] Skipping audio service (web platform or service unavailable) @ http://localhost:5174/src/app/screens/ReadingScreen.tsx?t=1779631618460:256
[  760000ms] [LOG] [MediaService] Silent audio paused @ http://localhost:5174/src/lib/mediaService.ts:84
[  760001ms] [LOG] Restoring position for chapter 3 : {paragraphIndex: 2, isPlaying: false, timestamp: 2026-05-24T14:06:58.609Z} @ http://localhost:5174/src/app/screens/ReadingScreen.tsx?t=1779631618460:588
[  760001ms] [LOG] Position restored, paragraphIndex: 2 isPlaying: false @ http://localhost:5174/src/app/screens/ReadingScreen.tsx?t=1779631618460:516
[  760032ms] [LOG] [Cache] Loaded chapter 3 from local cache @ http://localhost:5174/src/app/screens/ReadingScreen.tsx?t=1779631618460:634
[  760037ms] [LOG] [Cleanup] Final save paragraph index: 2 @ http://localhost:5174/src/app/screens/ReadingScreen.tsx?t=1779631618460:425
[  760037ms] [LOG] Cleanup: Final save for chapter 3 : {paragraphIndex: 2, isPlaying: false, timestamp: 2026-05-24T14:06:58.646Z} @ http://localhost:5174/src/app/screens/ReadingScreen.tsx?t=1779631618460:434
[  760037ms] [LOG] [MediaService] Silent audio paused @ http://localhost:5174/src/lib/mediaService.ts:84
[  760038ms] [LOG] Restoring position for chapter 3 : {paragraphIndex: 2, isPlaying: false, timestamp: 2026-05-24T14:06:58.646Z} @ http://localhost:5174/src/app/screens/ReadingScreen.tsx?t=1779631618460:588
[  760038ms] [LOG] Position restored, paragraphIndex: 2 isPlaying: false @ http://localhost:5174/src/app/screens/ReadingScreen.tsx?t=1779631618460:516
[  760118ms] [LOG] [ReadingScreen] Initializing media session for: Chương 3: Đấu La đại lục (3) @ http://localhost:5174/src/app/screens/ReadingScreen.tsx?t=1779631618460:234
[  760118ms] [LOG] [ReadingScreen] Capacitor platform: web @ http://localhost:5174/src/app/screens/ReadingScreen.tsx?t=1779631618460:235
[  760118ms] [LOG] [ReadingScreen] Is native: false @ http://localhost:5174/src/app/screens/ReadingScreen.tsx?t=1779631618460:236
[  760118ms] [LOG] Media Session initialized: {title: Chương 3: Đấu La đại lục (3), artist: Đấu La Đại Lục} @ http://localhost:5174/src/lib/mediaService.ts:32
[  760118ms] [LOG] Media Session handlers set @ http://localhost:5174/src/lib/mediaService.ts:48
[  760118ms] [LOG] [ReadingScreen] Skipping audio service (web platform or service unavailable) @ http://localhost:5174/src/app/screens/ReadingScreen.tsx?t=1779631618460:256
[  762039ms] [LOG] Auto-saving position for chapter 3 : {paragraphIndex: 2, isPlaying: false, timestamp: 2026-05-24T14:07:00.648Z} @ http://localhost:5174/src/app/screens/ReadingScreen.tsx?t=1779631618460:411
[  764046ms] [LOG] Auto-saving position for chapter 3 : {paragraphIndex: 2, isPlaying: false, timestamp: 2026-05-24T14:07:02.656Z} @ http://localhost:5174/src/app/screens/ReadingScreen.tsx?t=1779631618460:411
[  766045ms] [LOG] Auto-saving position for chapter 3 : {paragraphIndex: 2, isPlaying: false, timestamp: 2026-05-24T14:07:04.655Z} @ http://localhost:5174/src/app/screens/ReadingScreen.tsx?t=1779631618460:411
[  766064ms] [LOG] [MediaService] Silent audio paused @ http://localhost:5174/src/lib/mediaService.ts:84
[  766064ms] [LOG] [Cleanup] Final save paragraph index: 2 @ http://localhost:5174/src/app/screens/ReadingScreen.tsx?t=1779631618460:425
[  766064ms] [LOG] Cleanup: Final save for chapter 3 : {paragraphIndex: 2, isPlaying: false, timestamp: 2026-05-24T14:07:04.674Z} @ http://localhost:5174/src/app/screens/ReadingScreen.tsx?t=1779631618460:434
[  766065ms] [LOG] [ReadingScreen] Initializing media session for: Chương 3: Đấu La đại lục (3) @ http://localhost:5174/src/app/screens/ReadingScreen.tsx?t=1779631624509:234
[  766065ms] [LOG] [ReadingScreen] Capacitor platform: web @ http://localhost:5174/src/app/screens/ReadingScreen.tsx?t=1779631624509:235
[  766065ms] [LOG] [ReadingScreen] Is native: false @ http://localhost:5174/src/app/screens/ReadingScreen.tsx?t=1779631624509:236
[  766065ms] [LOG] Media Session initialized: {title: Chương 3: Đấu La đại lục (3), artist: Đấu La Đại Lục} @ http://localhost:5174/src/lib/mediaService.ts:32
[  766065ms] [LOG] Media Session handlers set @ http://localhost:5174/src/lib/mediaService.ts:48
[  766065ms] [LOG] [ReadingScreen] Skipping audio service (web platform or service unavailable) @ http://localhost:5174/src/app/screens/ReadingScreen.tsx?t=1779631624509:256
[  766065ms] [LOG] [MediaService] Silent audio paused @ http://localhost:5174/src/lib/mediaService.ts:84
[  766067ms] [LOG] Restoring position for chapter 3 : {paragraphIndex: 2, isPlaying: false, timestamp: 2026-05-24T14:07:04.674Z} @ http://localhost:5174/src/app/screens/ReadingScreen.tsx?t=1779631624509:591
[  766067ms] [LOG] Position restored, paragraphIndex: 2 isPlaying: false @ http://localhost:5174/src/app/screens/ReadingScreen.tsx?t=1779631624509:519
[  766072ms] [LOG] [Cache] Loaded chapter 3 from local cache @ http://localhost:5174/src/app/screens/ReadingScreen.tsx?t=1779631624509:637
[  766075ms] [LOG] [Cleanup] Final save paragraph index: 2 @ http://localhost:5174/src/app/screens/ReadingScreen.tsx?t=1779631624509:425
[  766075ms] [LOG] Cleanup: Final save for chapter 3 : {paragraphIndex: 2, isPlaying: false, timestamp: 2026-05-24T14:07:04.684Z} @ http://localhost:5174/src/app/screens/ReadingScreen.tsx?t=1779631624509:434
[  766075ms] [LOG] [MediaService] Silent audio paused @ http://localhost:5174/src/lib/mediaService.ts:84
[  766075ms] [LOG] Restoring position for chapter 3 : {paragraphIndex: 2, isPlaying: false, timestamp: 2026-05-24T14:07:04.684Z} @ http://localhost:5174/src/app/screens/ReadingScreen.tsx?t=1779631624509:591
[  766075ms] [LOG] Position restored, paragraphIndex: 2 isPlaying: false @ http://localhost:5174/src/app/screens/ReadingScreen.tsx?t=1779631624509:519
[  766157ms] [LOG] [ReadingScreen] Initializing media session for: Chương 3: Đấu La đại lục (3) @ http://localhost:5174/src/app/screens/ReadingScreen.tsx?t=1779631624509:234
[  766157ms] [LOG] [ReadingScreen] Capacitor platform: web @ http://localhost:5174/src/app/screens/ReadingScreen.tsx?t=1779631624509:235
[  766157ms] [LOG] [ReadingScreen] Is native: false @ http://localhost:5174/src/app/screens/ReadingScreen.tsx?t=1779631624509:236
[  766158ms] [LOG] Media Session initialized: {title: Chương 3: Đấu La đại lục (3), artist: Đấu La Đại Lục} @ http://localhost:5174/src/lib/mediaService.ts:32
[  766158ms] [LOG] Media Session handlers set @ http://localhost:5174/src/lib/mediaService.ts:48
[  766158ms] [LOG] [ReadingScreen] Skipping audio service (web platform or service unavailable) @ http://localhost:5174/src/app/screens/ReadingScreen.tsx?t=1779631624509:256
[  768079ms] [LOG] Auto-saving position for chapter 3 : {paragraphIndex: 2, isPlaying: false, timestamp: 2026-05-24T14:07:06.689Z} @ http://localhost:5174/src/app/screens/ReadingScreen.tsx?t=1779631624509:411
[  770084ms] [LOG] Auto-saving position for chapter 3 : {paragraphIndex: 2, isPlaying: false, timestamp: 2026-05-24T14:07:08.694Z} @ http://localhost:5174/src/app/screens/ReadingScreen.tsx?t=1779631624509:411
[  772081ms] [LOG] Auto-saving position for chapter 3 : {paragraphIndex: 2, isPlaying: false, timestamp: 2026-05-24T14:07:10.691Z} @ http://localhost:5174/src/app/screens/ReadingScreen.tsx?t=1779631624509:411
[  774088ms] [LOG] Auto-saving position for chapter 3 : {paragraphIndex: 2, isPlaying: false, timestamp: 2026-05-24T14:07:12.698Z} @ http://localhost:5174/src/app/screens/ReadingScreen.tsx?t=1779631624509:411
[  776091ms] [LOG] Auto-saving position for chapter 3 : {paragraphIndex: 2, isPlaying: false, timestamp: 2026-05-24T14:07:14.700Z} @ http://localhost:5174/src/app/screens/ReadingScreen.tsx?t=1779631624509:411
[  778084ms] [LOG] Auto-saving position for chapter 3 : {paragraphIndex: 2, isPlaying: false, timestamp: 2026-05-24T14:07:16.693Z} @ http://localhost:5174/src/app/screens/ReadingScreen.tsx?t=1779631624509:411
[  780078ms] [LOG] Auto-saving position for chapter 3 : {paragraphIndex: 2, isPlaying: false, timestamp: 2026-05-24T14:07:18.688Z} @ http://localhost:5174/src/app/screens/ReadingScreen.tsx?t=1779631624509:411
